用户id	房间id	直播id	上麦时间	下麦时间
12400256	0	1569231188088875	1970-01-01 04:00:00	1970-01-01 04:00:00
12400256	0	1569231188088875	1970-01-01 04:00:00	1970-01-01 04:00:00
12400256	0	1569231188088875	1970-01-01 04:00:00	1970-01-01 04:00:00
12399836	0	1569240469804492	1970-01-01 04:00:00	1970-01-01 04:00:00
12399836	0	1569240469804492	1970-01-01 04:00:00	1970-01-01 04:00:00
12399836	0	1569240469804492	1970-01-01 04:00:00	1970-01-01 04:00:00
12400720	0	1569241725627997	1970-01-01 04:00:00	1970-01-01 04:00:00
12400720	0	1569241725627997	1970-01-01 04:00:00	1970-01-01 04:00:00
12400720	0	1569241725627997	1970-01-01 04:00:00	1970-01-01 04:00:00
12400720	0	1569241725627997	1970-01-01 04:00:00	1970-01-01 04:00:00
12400720	0	1569241863001019	1970-01-01 04:00:00	1970-01-01 04:00:00
12400720	0	1569241863001019	1970-01-01 04:00:00	1970-01-01 04:00:00
12400720	0	1569241863001019	1970-01-01 04:00:00	1970-01-01 04:00:00
12400720	0	1569241863001019	1970-01-01 04:00:00	1970-01-01 04:00:00
12397564	0	1569242798891460	1970-01-01 04:00:00	1970-01-01 04:00:00
12399836	0	1569240469804492	1970-01-01 04:00:00	1970-01-01 04:00:00
12399836	0	1569240469804492	1970-01-01 04:00:00	1970-01-01 04:00:00
12401701	0	1569243564549453	1970-01-01 04:00:00	1970-01-01 04:00:00
12401701	0	1569243564549453	1970-01-01 04:00:00	1970-01-01 04:00:00
12400720	0	1569243748746301	1970-01-01 04:00:00	1970-01-01 04:00:00
12399410	0	1569243799961815	1970-01-01 04:00:00	1970-01-01 04:00:00
12400720	0	1569243748746301	1970-01-01 04:00:00	1970-01-01 04:00:00
12399410	0	1569243799961815	1970-01-01 04:00:00	1970-01-01 04:00:00
12400720	0	1569244275527687	1970-01-01 04:00:00	1970-01-01 04:00:00
12400256	0	1569244365056575	1970-01-01 04:00:00	1970-01-01 04:00:00
12401511	0	1569220723694868	1970-01-01 04:00:00	1970-01-01 04:00:00
12397564	0	1569242798891460	1970-01-01 04:00:00	1970-01-01 04:00:00
12397564	0	1569242798891460	1970-01-01 04:00:00	1970-01-01 04:00:00
12397564	0	1569242798891460	1970-01-01 04:00:00	1970-01-01 04:00:00
12397564	0	1569242798891460	1970-01-01 04:00:00	1970-01-01 04:00:00
12400720	0	1569244275527687	1970-01-01 04:00:00	1970-01-01 04:00:00
12400720	0	1569244622512638	1970-01-01 04:00:00	1970-01-01 04:00:00
12400256	0	1569244365056575	1970-01-01 04:00:00	1970-01-01 04:00:00
12401511	0	1569220723694868	1970-01-01 04:00:00	1970-01-01 04:00:00
12401511	0	1569220723694868	1970-01-01 04:00:00	1970-01-01 04:00:00
12400256	0	1569244365056575	1970-01-01 04:00:00	1970-01-01 04:00:00
12400256	0	1569244365056575	1970-01-01 04:00:00	1970-01-01 04:00:00
12397564	0	1569242798891460	1970-01-01 04:00:00	1970-01-01 04:00:00
12397564	0	1569247182253006	1970-01-01 04:00:00	1970-01-01 04:00:00
12400720	0	1569244622512638	1970-01-01 04:00:00	1970-01-01 04:00:00
12400720	0	1569244622512638	1970-01-01 04:00:00	1970-01-01 04:00:00
12400256	0	1569244365056575	1970-01-01 04:00:00	1970-01-01 04:00:00
12400256	0	1569244365056575	1970-01-01 04:00:00	1970-01-01 04:00:00
12401511	0	1569220723694868	1970-01-01 04:00:00	1970-01-01 04:00:00
12401511	0	1569220723694868	1970-01-01 04:00:00	1970-01-01 04:00:00
12399836	0	1569240469804492	1970-01-01 04:00:00	1970-01-01 04:00:00
12399836	0	1569240469804492	1970-01-01 04:00:00	1970-01-01 04:00:00
12401511	0	1569220723694868	1970-01-01 04:00:00	1970-01-01 04:00:00
12401511	0	1569220723694868	1970-01-01 04:00:00	1970-01-01 04:00:00
12397564	0	1569247182253006	1970-01-01 04:00:00	1970-01-01 04:00:00
12399836	0	1569240469804492	1970-01-01 04:00:00	1970-01-01 04:00:00
12401511	0	1569220723694868	1970-01-01 04:00:00	1970-01-01 04:00:00
12400720	0	1569244622512638	1970-01-01 04:00:00	1970-01-01 04:00:00
12400256	0	1569244365056575	1970-01-01 04:00:00	1970-01-01 04:00:00
12400256	0	1569244365056575	1970-01-01 04:00:00	1970-01-01 04:00:00
12400256	0	1569244365056575	1970-01-01 04:00:00	1970-01-01 04:00:00
12400256	0	1569244365056575	1970-01-01 04:00:00	1970-01-01 04:00:00
12401511	12301	1569220723694868	2019-09-24 13:13:58	2019-09-24 14:36:21
12399410	12301	1569220723694868	2019-09-24 15:00:59	2019-09-24 15:04:03
12399836	12773	1569322865735293	2019-09-24 15:01:27	2019-09-24 16:51:36
12401593	12301	1569220723694868	2019-09-24 15:01:51	2019-09-24 15:20:24
12402008	12773	1569322865735293	2019-09-24 15:03:33	2019-09-24 15:04:53
12399454	12773	1569322865735293	2019-09-24 15:04:03	2019-09-24 16:33:03
12399410	12301	1569220723694868	2019-09-24 15:04:07	2019-09-24 15:09:26
12399417	12301	1569220723694868	2019-09-24 15:04:24	2019-09-24 15:17:09
12399848	12773	1569322865735293	2019-09-24 15:07:57	2019-09-24 18:22:33
12402008	12773	1569322865735293	2019-09-24 15:08:08	2019-09-24 15:53:29
12399410	12301	1569220723694868	2019-09-24 15:09:36	2019-09-24 15:33:26
12399417	12301	1569220723694868	2019-09-24 15:17:21	2019-09-24 15:33:14
12400720	12782	1569323994677464	2019-09-24 15:19:57	2019-09-24 15:20:01
12400720	12782	1569324074909434	2019-09-24 15:21:17	2019-09-24 15:43:50
12401593	12301	1569220723694868	2019-09-24 15:21:19	2019-09-24 15:22:49
12401593	12301	1569220723694868	2019-09-24 15:26:14	2019-09-24 15:31:10
12400256	11879	1569244365056575	2019-09-24 15:29:39	2019-09-24 15:36:29
12401725	11879	1569244365056575	2019-09-24 15:33:19	2019-09-24 17:32:21
12401226	11879	1569244365056575	2019-09-24 15:33:35	2019-09-24 16:14:30
12400256	11879	1569244365056575	2019-09-24 15:36:34	2019-09-24 17:04:28
12401593	12301	1569220723694868	2019-09-24 15:45:33	2019-09-24 16:20:10
12401511	12301	1569220723694868	2019-09-24 15:45:36	2019-09-24 15:53:45
12399417	12301	1569220723694868	2019-09-24 15:49:32	2019-09-24 15:50:02
12399417	12301	1569220723694868	2019-09-24 15:53:19	2019-09-24 15:54:18
12402008	12773	1569322865735293	2019-09-24 15:54:28	1970-01-01 04:00:00
12399417	12301	1569220723694868	2019-09-24 15:55:01	2019-09-24 16:00:16
12399410	12301	1569220723694868	2019-09-24 15:55:19	2019-09-24 16:03:13
12401511	12301	1569220723694868	2019-09-24 15:55:33	2019-09-24 16:09:33
12399417	12301	1569220723694868	2019-09-24 16:00:31	2019-09-24 16:46:27
12397564	12796	1569326477117894	2019-09-24 16:01:20	2019-09-24 16:08:21
12402008	12773	1569322865735293	2019-09-24 16:05:47	2019-09-24 17:56:48
12401986	11879	1569244365056575	2019-09-24 16:06:02	2019-09-24 16:16:57
12397564	12796	1569326477117894	2019-09-24 16:08:31	2019-09-24 16:24:35
12401511	12301	1569220723694868	2019-09-24 16:09:50	2019-09-24 16:21:53
12401352	12796	1569326477117894	2019-09-24 16:10:57	2019-09-24 16:25:13
12401226	11879	1569244365056575	2019-09-24 16:17:05	2019-09-24 16:17:50
12401986	11879	1569244365056575	2019-09-24 16:17:12	2019-09-24 16:53:20
12401226	11879	1569244365056575	2019-09-24 16:18:39	2019-09-24 16:20:43
12401352	12796	1569326477117894	2019-09-24 16:25:16	2019-09-24 16:35:31
12399798	12796	1569326477117894	2019-09-24 16:25:46	2019-09-24 16:35:07
12401226	11879	1569244365056575	2019-09-24 16:26:52	2019-09-24 16:39:37
12397564	12796	1569326477117894	2019-09-24 16:35:33	2019-09-24 16:54:48
12399798	12796	1569326477117894	2019-09-24 16:35:36	2019-09-24 16:48:27
12401352	12796	1569326477117894	2019-09-24 16:37:31	2019-09-24 16:52:19
12399454	12773	1569322865735293	2019-09-24 16:37:32	2019-09-24 17:17:03
12401502	11879	1569244365056575	2019-09-24 16:41:55	2019-09-24 17:00:56
12401226	11879	1569244365056575	2019-09-24 16:42:26	2019-09-24 16:47:07
12401226	11879	1569244365056575	2019-09-24 16:47:21	2019-09-24 16:51:57
12399836	12773	1569322865735293	2019-09-24 16:51:45	2019-09-24 17:25:20
12401352	12796	1569326477117894	2019-09-24 16:52:35	2019-09-24 16:54:53
12399798	12796	1569326477117894	2019-09-24 16:53:04	2019-09-24 16:54:56
12401226	11879	1569244365056575	2019-09-24 16:53:19	2019-09-24 17:10:23
12397564	12796	1569329693986076	2019-09-24 16:55:00	2019-09-24 17:07:56
12401352	12796	1569329693986076	2019-09-24 16:55:09	2019-09-24 17:33:08
12401347	12773	1569322865735293	2019-09-24 16:56:37	2019-09-24 17:00:16
12401986	11879	1569244365056575	2019-09-24 16:57:13	2019-09-24 17:02:12
12401502	11879	1569244365056575	2019-09-24 17:01:50	2019-09-24 18:25:25
12401347	12773	1569322865735293	2019-09-24 17:02:20	2019-09-24 17:37:13
12401986	11879	1569244365056575	2019-09-24 17:04:09	2019-09-24 17:27:19
12400256	11879	1569244365056575	2019-09-24 17:04:44	2019-09-24 18:36:42
12397564	12796	1569329693986076	2019-09-24 17:08:52	2019-09-24 18:28:45
12399798	12796	1569329693986076	2019-09-24 17:14:18	2019-09-24 18:02:14
12401226	11879	1569244365056575	2019-09-24 17:14:32	2019-09-24 17:45:29
12399454	12773	1569322865735293	2019-09-24 17:18:01	2019-09-24 17:35:28
12401725	11879	1569244365056575	2019-09-24 17:33:22	2019-09-24 17:33:38
12401352	12796	1569329693986076	2019-09-24 17:33:36	2019-09-24 17:37:57
12401725	11879	1569244365056575	2019-09-24 17:34:29	2019-09-24 18:36:59
12399454	12773	1569322865735293	2019-09-24 17:37:04	2019-09-24 18:14:14
12401352	12796	1569329693986076	2019-09-24 17:38:33	2019-09-24 17:47:57
12399836	12773	1569322865735293	2019-09-24 17:38:49	2019-09-24 17:59:19
12401986	11879	1569244365056575	2019-09-24 17:39:15	2019-09-24 17:47:38
12401347	12773	1569322865735293	2019-09-24 17:43:06	2019-09-24 17:47:27
12401226	11879	1569244365056575	2019-09-24 17:46:08	2019-09-24 18:01:23
12401347	12773	1569322865735293	2019-09-24 17:48:01	2019-09-24 18:08:34
12401352	12796	1569329693986076	2019-09-24 17:48:45	2019-09-24 17:59:33
12401986	11879	1569244365056575	2019-09-24 17:57:32	2019-09-24 18:07:35
12402008	12773	1569322865735293	2019-09-24 17:57:51	2019-09-24 17:58:30
12399836	12773	1569322865735293	2019-09-24 17:59:45	2019-09-24 18:21:38
12401226	11879	1569244365056575	2019-09-24 18:01:38	2019-09-24 18:20:40
12399798	12796	1569329693986076	2019-09-24 18:02:24	2019-09-24 18:18:28
12401986	11879	1569244365056575	2019-09-24 18:07:42	2019-09-24 18:10:37
12399454	12773	1569322865735293	2019-09-24 18:14:44	2019-09-24 18:21:16
12401347	12773	1569322865735293	2019-09-24 18:15:18	2019-09-24 18:20:55
12401226	11879	1569244365056575	2019-09-24 18:20:57	2019-09-24 18:32:09
12401502	11879	1569244365056575	2019-09-24 18:26:31	1970-01-01 04:00:00
12401502	11879	1569244365056575	2019-09-24 18:30:00	2019-09-24 18:36:31
12401226	11879	1569244365056575	2019-09-24 18:32:36	2019-09-24 18:36:41
12401511	12301	1569220723694868	2019-09-24 21:38:02	2019-09-24 21:41:15
12399577	12301	1569220723694868	2019-09-24 21:39:22	2019-09-24 21:45:27
12401511	12301	1569220723694868	2019-09-24 21:41:27	2019-09-24 21:45:22
12401511	12301	1569347147090110	2019-09-24 21:45:53	2019-09-24 21:58:53
12399410	12301	1569347147090110	2019-09-24 21:50:05	2019-09-24 22:37:42
12401511	12301	1569347147090110	2019-09-24 21:59:45	2019-09-24 23:50:04
12399577	12301	1569347147090110	2019-09-24 22:00:21	2019-09-24 22:01:38
12399577	12301	1569347147090110	2019-09-24 22:01:45	2019-09-24 22:06:10
12397564	12796	1569348289131265	2019-09-24 22:04:57	2019-09-25 00:28:41
12401701	12801	1569348377305015	2019-09-24 22:06:23	2019-09-24 22:15:57
12399577	12301	1569347147090110	2019-09-24 22:06:40	2019-09-24 22:06:52
12399577	12301	1569347147090110	2019-09-24 22:07:35	2019-09-24 22:58:10
12400846	12796	1569348289131265	2019-09-24 22:08:56	2019-09-25 01:00:19
12401593	12301	1569347147090110	2019-09-24 22:19:41	2019-09-24 22:29:30
12401323	12796	1569348289131265	2019-09-24 22:21:26	2019-09-25 01:00:07
12401593	12301	1569347147090110	2019-09-24 22:29:44	2019-09-24 22:39:30
12399410	12301	1569347147090110	2019-09-24 22:37:47	2019-09-24 23:21:31
12401593	12301	1569347147090110	2019-09-24 22:41:10	2019-09-24 22:45:34
12401593	12301	1569347147090110	2019-09-24 22:45:44	2019-09-24 23:26:16
12399577	12301	1569347147090110	2019-09-24 22:58:48	2019-09-24 23:21:52
12399410	12301	1569347147090110	2019-09-24 23:23:00	2019-09-24 23:29:19
12399577	12301	1569347147090110	2019-09-24 23:23:05	2019-09-24 23:29:50
12401593	12301	1569347147090110	2019-09-24 23:27:58	2019-09-25 00:38:41
12399577	12301	1569347147090110	2019-09-24 23:30:43	2019-09-24 23:58:31
12399410	12301	1569347147090110	2019-09-24 23:31:36	2019-09-25 00:23:20
12401347	13586	1569354565641468	2019-09-24 23:49:32	2019-09-24 23:49:42
12401511	12301	1569347147090110	2019-09-24 23:52:00	2019-09-25 00:19:03
12399577	12301	1569347147090110	2019-09-25 00:01:16	2019-09-25 00:35:39
12401511	12301	1569347147090110	2019-09-25 00:19:57	2019-09-25 00:23:59
12399410	12301	1569347147090110	2019-09-25 00:24:08	2019-09-25 01:01:59
12401511	12301	1569347147090110	2019-09-25 00:27:55	2019-09-25 00:36:08
12400846	2916	1568724573695038	2019-09-25 01:00:33	2019-09-25 01:01:14
12399577	13283	1569294273871899	2019-09-25 21:09:36	2019-09-25 21:09:47
12399577	12301	1569347147090110	2019-09-25 21:10:46	2019-09-25 21:10:59
12401511	12301	1569347147090110	2019-09-25 21:50:19	2019-09-25 22:39:20
12399417	12301	1569347147090110	2019-09-25 21:52:48	2019-09-25 22:02:59
12399410	12301	1569347147090110	2019-09-25 21:53:23	2019-09-25 22:53:38
12399577	12301	1569347147090110	2019-09-25 21:54:42	2019-09-25 22:46:56
12401226	11879	1569244365056575	2019-09-25 21:57:24	1970-01-01 04:00:00
12400256	11879	1569244365056575	2019-09-25 22:01:36	2019-09-25 22:42:41
12402008	12498	1569434527098725	2019-09-25 22:02:10	2019-09-25 22:03:24
12401269	13978	1569434537712879	2019-09-25 22:02:23	2019-09-25 22:42:43
12401986	11879	1569244365056575	2019-09-25 22:02:31	2019-09-25 22:31:05
12401502	11879	1569244365056575	2019-09-25 22:03:08	2019-09-25 22:26:58
12399417	12301	1569347147090110	2019-09-25 22:03:21	2019-09-25 22:19:26
12401951	13978	1569434537712879	2019-09-25 22:04:11	2019-09-25 22:47:09
12402008	12498	1569434527098725	2019-09-25 22:04:59	2019-09-25 22:45:33
12397564	12796	1569348289131265	2019-09-25 22:05:27	2019-09-26 00:00:29
12400846	12796	1569348289131265	2019-09-25 22:05:35	2019-09-26 01:02:21
12399848	12498	1569434527098725	2019-09-25 22:05:47	2019-09-25 22:52:27
12401347	12498	1569434527098725	2019-09-25 22:05:52	1970-01-01 04:00:00
12401593	12301	1569347147090110	2019-09-25 22:06:45	2019-09-25 22:44:55
12400720	12782	1569434802580176	2019-09-25 22:06:46	2019-09-25 22:21:08
12401323	12782	1569434802580176	2019-09-25 22:07:27	2019-09-25 23:14:02
12401701	13978	1569434537712879	2019-09-25 22:07:45	2019-09-25 23:23:42
12401071	13978	1569434537712879	2019-09-25 22:10:27	2019-09-25 23:34:15
12401352	12796	1569348289131265	2019-09-25 22:12:50	2019-09-25 23:21:11
12401725	11879	1569244365056575	2019-09-25 22:13:09	2019-09-25 22:22:07
12399454	12498	1569434527098725	2019-09-25 22:18:58	2019-09-25 22:29:50
12399417	12301	1569347147090110	2019-09-25 22:20:24	2019-09-25 22:41:13
12400720	12782	1569434802580176	2019-09-25 22:21:14	2019-09-25 22:55:22
12401725	11879	1569244365056575	2019-09-25 22:22:35	2019-09-25 23:15:48
12401226	11879	1569244365056575	2019-09-25 22:23:53	2019-09-25 22:28:26
12401226	11879	1569244365056575	2019-09-25 22:30:20	2019-09-25 22:48:36
12401352	12796	1569348289131265	2019-09-25 22:32:55	2019-09-25 22:54:58
12401502	11879	1569244365056575	2019-09-25 22:40:35	2019-09-25 23:15:48
12401511	12301	1569347147090110	2019-09-25 22:40:43	2019-09-25 22:40:53
12399417	4369	1569428898654195	2019-09-25 22:41:40	2019-09-25 22:44:45
12399454	12773	1569436894143751	2019-09-25 22:42:17	2019-09-25 23:01:10
12401269	13978	1569434537712879	2019-09-25 22:42:53	2019-09-25 22:47:27
12399836	12773	1569436894143751	2019-09-25 22:43:19	2019-09-25 22:48:38
12400256	11879	1569244365056575	2019-09-25 22:43:20	2019-09-25 23:08:46
12401347	12773	1569436894143751	2019-09-25 22:45:14	2019-09-25 23:01:10
12402008	12773	1569436894143751	2019-09-25 22:45:46	2019-09-25 23:00:53
12401269	13978	1569434537712879	2019-09-25 22:47:34	2019-09-25 23:33:40
12399836	12773	1569436894143751	2019-09-25 22:49:23	2019-09-25 22:49:47
12401951	13978	1569434537712879	2019-09-25 22:49:33	2019-09-25 22:56:22
12399836	12773	1569436894143751	2019-09-25 22:49:57	2019-09-25 22:50:17
12401226	11879	1569244365056575	2019-09-25 22:50:00	2019-09-25 23:10:11
12401511	12301	1569347147090110	2019-09-25 22:54:01	2019-09-25 23:10:47
12401593	12301	1569347147090110	2019-09-25 22:54:29	2019-09-25 23:05:48
12399848	12773	1569436894143751	2019-09-25 22:55:19	2019-09-25 23:01:10
12399410	12301	1569347147090110	2019-09-25 22:55:31	2019-09-25 23:18:34
12399836	12773	1569436894143751	2019-09-25 22:55:32	2019-09-25 22:56:13
12401951	13978	1569434537712879	2019-09-25 22:56:59	2019-09-25 23:16:05
12401986	11879	1569244365056575	2019-09-25 22:57:05	2019-09-25 23:00:34
12401352	12796	1569348289131265	2019-09-25 22:57:20	2019-09-25 23:04:58
12399417	12301	1569347147090110	2019-09-25 22:58:22	2019-09-25 23:08:55
12399577	12301	1569347147090110	2019-09-25 22:59:01	1970-01-01 04:00:00
12399836	12773	1569436894143751	2019-09-25 22:59:54	2019-09-25 23:00:13
12401986	11879	1569244365056575	2019-09-25 23:00:55	2019-09-25 23:06:18
12402008	12773	1569436894143751	2019-09-25 23:01:03	2019-09-25 23:01:10
12399454	12773	1569438118316364	2019-09-25 23:02:42	2019-09-25 23:04:30
12399836	12773	1569438118316364	2019-09-25 23:03:11	2019-09-25 23:08:58
12399454	12773	1569438118316364	2019-09-25 23:04:36	2019-09-25 23:11:59
12401347	12773	1569438118316364	2019-09-25 23:04:53	2019-09-25 23:38:07
12399577	12301	1569347147090110	2019-09-25 23:06:02	2019-09-26 01:01:08
12402008	12773	1569438118316364	2019-09-25 23:07:35	2019-09-25 23:13:42
12401986	11879	1569244365056575	2019-09-25 23:08:53	2019-09-25 23:14:56
12399848	12773	1569438118316364	2019-09-25 23:09:17	2019-09-25 23:10:48
12399417	12301	1569347147090110	2019-09-25 23:09:53	2019-09-25 23:13:49
12401226	11879	1569244365056575	2019-09-25 23:10:27	2019-09-25 23:15:48
12399836	12773	1569438118316364	2019-09-25 23:11:00	2019-09-25 23:29:21
12401511	12301	1569347147090110	2019-09-25 23:11:20	2019-09-25 23:11:54
12401511	12301	1569347147090110	2019-09-25 23:12:10	2019-09-25 23:31:51
12399848	12773	1569438118316364	2019-09-25 23:12:14	2019-09-26 01:44:13
12402008	12773	1569438118316364	2019-09-25 23:13:46	2019-09-26 01:34:49
12400256	11879	1569244365056575	2019-09-25 23:14:03	2019-09-25 23:15:25
12401986	11879	1569244365056575	2019-09-25 23:15:00	2019-09-25 23:15:48
12399417	12301	1569347147090110	2019-09-25 23:15:03	2019-09-25 23:30:59
12401951	13978	1569434537712879	2019-09-25 23:16:11	2019-09-25 23:17:30
12399454	12773	1569438118316364	2019-09-25 23:16:49	2019-09-25 23:22:22
12401951	13978	1569434537712879	2019-09-25 23:17:36	2019-09-25 23:18:58
12401226	11879	1569439099476809	2019-09-25 23:19:01	2019-09-26 00:17:46
12401986	11879	1569439099476809	2019-09-25 23:19:10	2019-09-25 23:24:36
12401951	13978	1569434537712879	2019-09-25 23:19:27	2019-09-26 00:24:40
12400256	11879	1569439099476809	2019-09-25 23:19:42	2019-09-25 23:37:05
12401725	11879	1569439099476809	2019-09-25 23:20:10	2019-09-25 23:25:40
12401502	11879	1569439099476809	2019-09-25 23:21:47	2019-09-25 23:39:03
12399410	12301	1569347147090110	2019-09-25 23:22:14	2019-09-25 23:28:21
12399454	12773	1569438118316364	2019-09-25 23:24:06	2019-09-25 23:30:30
12401593	12301	1569347147090110	2019-09-25 23:24:34	2019-09-25 23:34:13
12401986	11879	1569439099476809	2019-09-25 23:24:45	2019-09-25 23:48:40
12401725	11879	1569439099476809	2019-09-25 23:26:41	2019-09-26 01:01:38
12399410	12301	1569347147090110	2019-09-25 23:28:33	2019-09-26 00:08:07
12401352	12796	1569348289131265	2019-09-25 23:30:54	2019-09-25 23:40:59
12399417	12301	1569347147090110	2019-09-25 23:31:15	2019-09-25 23:51:51
12401511	12301	1569347147090110	2019-09-25 23:31:55	2019-09-26 00:21:49
12401269	13978	1569434537712879	2019-09-25 23:33:46	2019-09-26 01:04:32
12401701	13978	1569434537712879	2019-09-25 23:35:29	2019-09-25 23:55:02
12401593	12301	1569347147090110	2019-09-25 23:35:59	2019-09-25 23:42:21
12399836	12773	1569438118316364	2019-09-25 23:36:04	2019-09-26 00:03:06
12399454	12773	1569438118316364	2019-09-25 23:36:12	2019-09-25 23:49:03
12401347	12773	1569438118316364	2019-09-25 23:38:36	2019-09-26 01:36:59
12400256	11879	1569439099476809	2019-09-25 23:39:18	2019-09-25 23:44:21
12401502	11879	1569439099476809	2019-09-25 23:39:47	2019-09-25 23:59:03
12401352	12796	1569348289131265	2019-09-25 23:41:11	2019-09-26 00:02:09
12401593	12301	1569347147090110	2019-09-25 23:43:08	2019-09-25 23:51:57
12400256	11879	1569439099476809	2019-09-25 23:48:36	2019-09-25 23:49:01
12400256	11879	1569439099476809	2019-09-25 23:49:38	2019-09-26 00:17:31
12401986	11879	1569439099476809	2019-09-25 23:49:45	2019-09-26 00:07:35
12399454	12773	1569438118316364	2019-09-25 23:50:08	2019-09-25 23:53:17
12401071	13978	1569434537712879	2019-09-25 23:52:35	2019-09-26 00:45:41
12399454	12773	1569438118316364	2019-09-25 23:53:31	2019-09-25 23:55:56
12399417	12301	1569347147090110	2019-09-25 23:53:46	2019-09-26 00:55:47
12401593	12301	1569347147090110	2019-09-25 23:53:47	2019-09-26 00:56:26
12401424	12796	1569348289131265	2019-09-25 23:55:13	2019-09-25 23:56:18
12399454	12773	1569438118316364	2019-09-25 23:56:26	2019-09-26 00:25:38
12401424	12796	1569348289131265	2019-09-25 23:57:09	2019-09-26 00:12:17
12401502	11879	1569439099476809	2019-09-26 00:00:02	2019-09-26 00:09:03
12397564	12796	1569348289131265	2019-09-26 00:01:24	2019-09-26 00:04:04
12401352	12796	1569348289131265	2019-09-26 00:02:15	2019-09-26 00:04:16
12399836	12773	1569438118316364	2019-09-26 00:03:47	2019-09-26 01:39:00
12397564	12796	1569348289131265	2019-09-26 00:04:36	2019-09-26 00:33:14
12401352	12796	1569348289131265	2019-09-26 00:04:38	2019-09-26 00:57:30
12401986	11879	1569439099476809	2019-09-26 00:08:26	2019-09-26 00:40:07
12401701	13978	1569434537712879	2019-09-26 00:09:59	2019-09-26 00:10:15
12401701	13978	1569434537712879	2019-09-26 00:10:21	2019-09-26 01:04:37
12401502	11879	1569439099476809	2019-09-26 00:10:45	2019-09-26 01:01:01
12401424	12796	1569348289131265	2019-09-26 00:13:02	2019-09-26 00:25:04
12400256	11879	1569439099476809	2019-09-26 00:18:14	2019-09-26 00:20:37
12401226	11879	1569439099476809	2019-09-26 00:19:11	2019-09-26 00:31:00
12399410	12301	1569347147090110	2019-09-26 00:20:17	2019-09-26 00:28:35
12400256	11879	1569439099476809	2019-09-26 00:21:24	2019-09-26 00:23:32
12401511	12301	1569347147090110	2019-09-26 00:21:54	2019-09-26 00:33:38
12400256	11879	1569439099476809	2019-09-26 00:24:22	2019-09-26 00:25:09
12401951	13978	1569434537712879	2019-09-26 00:24:47	2019-09-26 00:26:08
12401424	12796	1569348289131265	2019-09-26 00:25:59	2019-09-26 01:02:21
12401951	13978	1569434537712879	2019-09-26 00:26:15	2019-09-26 01:04:20
12400256	11879	1569439099476809	2019-09-26 00:27:17	2019-09-26 00:29:16
12399410	12301	1569347147090110	2019-09-26 00:29:59	2019-09-26 00:32:19
12401226	11879	1569439099476809	2019-09-26 00:31:34	1970-01-01 04:00:00
12401226	11879	1569439099476809	2019-09-26 00:32:32	1970-01-01 04:00:00
12399410	12301	1569347147090110	2019-09-26 00:33:03	2019-09-26 01:03:38
12401226	11879	1569439099476809	2019-09-26 00:33:12	1970-01-01 04:00:00
12401226	11879	1569439099476809	2019-09-26 00:33:54	2019-09-26 00:38:47
12401511	12301	1569347147090110	2019-09-26 00:34:21	2019-09-26 00:49:22
12397564	12796	1569348289131265	2019-09-26 00:36:25	2019-09-26 01:02:16
12401226	11879	1569439099476809	2019-09-26 00:43:59	2019-09-26 00:44:58
12401226	11879	1569439099476809	2019-09-26 00:45:44	2019-09-26 00:45:54
12401226	11879	1569439099476809	2019-09-26 00:46:12	2019-09-26 01:01:34
12401511	12301	1569347147090110	2019-09-26 00:49:47	2019-09-26 01:00:46
12401071	13978	1569434537712879	2019-09-26 00:51:00	2019-09-26 00:52:17
12401071	13978	1569434537712879	2019-09-26 00:53:54	2019-09-26 01:04:32
12399417	2916	1568724573695038	2019-09-26 00:55:56	2019-09-26 00:55:59
12399417	12301	1569347147090110	2019-09-26 00:56:46	2019-09-26 01:02:23
12401352	12796	1569348289131265	2019-09-26 00:57:59	2019-09-26 01:02:21
12401593	12301	1569347147090110	2019-09-26 00:59:12	2019-09-26 01:00:35
12401226	12118	1569445300705909	2019-09-26 01:01:44	2019-09-26 01:02:17
12401951	12799	1569243524609194	2019-09-26 01:05:21	2019-09-26 01:05:24
12400720	4369	1569428898654195	2019-09-26 02:29:43	2019-09-26 02:41:52
12400720	4369	1569428898654195	2019-09-26 02:42:05	2019-09-26 02:43:18
12400720	12782	1569451405450354	2019-09-26 02:43:32	2019-09-26 02:43:44
12400720	4369	1569428898654195	2019-09-26 02:44:02	2019-09-26 02:44:04
12400720	4369	1569428898654195	2019-09-26 02:44:08	2019-09-26 03:37:50
12399836	12773	1569438118316364	2019-09-26 21:22:09	2019-09-26 21:25:52
12399836	12773	1569438118316364	2019-09-26 21:28:39	2019-09-26 21:57:45
12401347	12773	1569438118316364	2019-09-26 21:41:04	2019-09-26 21:53:48
12401226	11879	1569439099476809	2019-09-26 21:51:59	2019-09-26 23:10:16
12399577	12301	1569347147090110	2019-09-26 21:52:13	2019-09-26 22:02:05
12399454	12773	1569438118316364	2019-09-26 21:53:20	2019-09-26 22:33:53
12401347	12773	1569438118316364	2019-09-26 21:53:59	2019-09-26 23:54:31
12401269	13978	1569520636723728	2019-09-26 21:57:21	2019-09-26 22:00:26
12399836	12773	1569438118316364	2019-09-26 21:57:50	2019-09-26 22:08:49
12401951	13978	1569520636723728	2019-09-26 21:59:52	2019-09-26 22:00:27
12399848	12773	1569438118316364	2019-09-26 22:00:27	2019-09-26 22:16:42
12401269	13978	1569520636723728	2019-09-26 22:00:32	2019-09-26 22:16:16
12401701	13978	1569520636723728	2019-09-26 22:00:47	2019-09-26 22:16:21
12401951	13978	1569520636723728	2019-09-26 22:00:50	2019-09-26 22:16:21
12400256	11879	1569439099476809	2019-09-26 22:02:16	2019-09-26 23:27:01
12397564	12796	1569521034319919	2019-09-26 22:04:03	2019-09-26 22:38:42
12401725	11879	1569439099476809	2019-09-26 22:04:16	2019-09-26 23:37:32
12401071	13978	1569520636723728	2019-09-26 22:05:36	2019-09-26 22:16:20
12399836	12773	1569438118316364	2019-09-26 22:12:09	2019-09-26 22:30:05
12401986	11879	1569439099476809	2019-09-26 22:13:00	2019-09-26 22:15:34
12401502	11879	1569439099476809	2019-09-26 22:13:08	2019-09-26 22:39:55
12401986	11879	1569439099476809	2019-09-26 22:16:01	2019-09-26 22:18:18
12401269	13978	1569521809891309	2019-09-26 22:16:54	2019-09-26 22:18:45
12399848	12773	1569438118316364	2019-09-26 22:17:07	2019-09-27 01:08:01
12401951	13978	1569521809891309	2019-09-26 22:17:07	2019-09-26 22:20:52
12401269	13978	1569521809891309	2019-09-26 22:18:52	2019-09-26 22:53:56
12401701	13978	1569521809891309	2019-09-26 22:19:36	2019-09-27 01:05:26
12401951	13978	1569521809891309	2019-09-26 22:20:56	2019-09-26 22:24:31
12401986	11879	1569439099476809	2019-09-26 22:21:36	2019-09-26 22:27:31
12401071	13978	1569521809891309	2019-09-26 22:21:36	2019-09-26 22:44:58
12400846	12796	1569521034319919	2019-09-26 22:22:55	2019-09-26 22:41:50
12401951	13978	1569521809891309	2019-09-26 22:24:37	2019-09-26 22:39:42
12401986	11879	1569439099476809	2019-09-26 22:27:47	2019-09-26 22:54:41
12399836	12773	1569438118316364	2019-09-26 22:30:53	2019-09-26 23:16:20
12399454	12773	1569438118316364	2019-09-26 22:34:00	2019-09-26 22:38:59
12397564	12796	1569521034319919	2019-09-26 22:38:51	2019-09-26 22:41:44
12401951	13978	1569521809891309	2019-09-26 22:39:54	2019-09-26 23:29:43
12401502	11879	1569439099476809	2019-09-26 22:40:12	2019-09-27 00:17:31
12399454	12773	1569438118316364	2019-09-26 22:40:37	1970-01-01 04:00:00
12397564	12796	1569523317475747	2019-09-26 22:42:37	2019-09-26 22:49:22
12401071	13978	1569521809891309	2019-09-26 22:49:00	2019-09-26 22:56:27
12401269	13978	1569521809891309	2019-09-26 22:54:03	2019-09-27 01:05:32
12402008	12773	1569438118316364	2019-09-26 22:57:30	1970-01-01 04:00:00
12401986	11879	1569439099476809	2019-09-26 23:01:11	2019-09-26 23:03:02
12401071	13978	1569521809891309	2019-09-26 23:03:16	2019-09-26 23:24:50
12401986	11879	1569439099476809	2019-09-26 23:03:53	2019-09-26 23:17:18
12401226	11879	1569439099476809	2019-09-26 23:10:22	2019-09-26 23:33:28
12399836	12773	1569438118316364	2019-09-26 23:16:26	2019-09-27 00:13:39
12397564	12796	1569525397655838	2019-09-26 23:16:42	2019-09-26 23:19:19
12400846	12796	1569525397655838	2019-09-26 23:17:47	2019-09-26 23:19:24
12401352	12796	1569525397655838	2019-09-26 23:18:06	2019-09-26 23:19:24
12401424	12796	1569525397655838	2019-09-26 23:18:16	2019-09-26 23:19:49
12397564	12796	1569525564953116	2019-09-26 23:19:27	2019-09-26 23:30:22
12400846	12796	1569525564953116	2019-09-26 23:19:42	2019-09-26 23:30:27
12401529	12796	1569525564953116	2019-09-26 23:23:49	2019-09-26 23:30:27
12401352	12796	1569525564953116	2019-09-26 23:26:08	2019-09-26 23:30:27
12401071	13978	1569521809891309	2019-09-26 23:26:27	2019-09-26 23:34:27
12400256	11879	1569439099476809	2019-09-26 23:28:22	2019-09-27 00:14:17
12397564	12796	1569526226117373	2019-09-26 23:30:30	2019-09-26 23:57:43
12401352	12796	1569526226117373	2019-09-26 23:30:48	2019-09-27 00:06:00
12400846	12796	1569526226117373	2019-09-26 23:31:30	2019-09-27 00:05:44
12401986	11879	1569439099476809	2019-09-26 23:33:42	2019-09-26 23:36:54
12401226	11879	1569439099476809	2019-09-26 23:36:28	2019-09-27 00:17:24
12401725	11879	1569439099476809	2019-09-26 23:37:49	2019-09-27 00:25:41
12401951	13978	1569521809891309	2019-09-26 23:42:17	2019-09-26 23:47:14
12401424	12796	1569525397655838	2019-09-26 23:43:16	2019-09-26 23:43:24
12401986	11879	1569439099476809	2019-09-26 23:44:52	2019-09-27 00:25:41
12401951	13978	1569521809891309	2019-09-26 23:47:20	2019-09-27 00:48:06
12401347	12773	1569438118316364	2019-09-26 23:54:44	2019-09-27 00:27:45
12397564	12796	1569526226117373	2019-09-26 23:57:47	2019-09-27 00:05:57
12399454	12773	1569438118316364	2019-09-26 23:58:11	2019-09-27 00:22:32
12402008	12773	1569438118316364	2019-09-27 00:03:38	1970-01-01 04:00:00
12401071	13978	1569521809891309	2019-09-27 00:03:56	2019-09-27 00:07:34
12401071	13978	1569521809891309	2019-09-27 00:08:43	2019-09-27 00:22:07
12399836	12773	1569438118316364	2019-09-27 00:13:46	2019-09-27 01:34:01
12400256	11879	1569439099476809	2019-09-27 00:14:21	2019-09-27 00:20:45
12401529	14368	1569529030128473	2019-09-27 00:17:23	2019-09-27 00:18:03
12401529	14368	1569529091792653	2019-09-27 00:18:20	2019-09-27 00:22:32
12401226	11879	1569439099476809	2019-09-27 00:19:34	2019-09-27 00:22:32
12401502	11879	1569439099476809	2019-09-27 00:20:21	2019-09-27 00:21:28
12401502	11879	1569439099476809	2019-09-27 00:21:50	2019-09-27 00:22:17
12401433	14371	1569529305877097	2019-09-27 00:22:14	2019-09-27 00:24:22
12401226	11879	1569439099476809	2019-09-27 00:22:35	2019-09-27 00:25:04
12399454	12773	1569438118316364	2019-09-27 00:22:42	2019-09-27 00:31:30
12402008	12773	1569438118316364	2019-09-27 00:23:12	2019-09-27 00:23:15
12401502	11879	1569439099476809	2019-09-27 00:23:50	2019-09-27 00:25:29
12401529	14368	1569529091792653	2019-09-27 00:24:23	2019-09-27 00:26:02
12401433	14371	1569529305877097	2019-09-27 00:25:50	2019-09-27 00:27:29
12400256	11879	1569529531041761	2019-09-27 00:25:59	2019-09-27 00:59:55
12401725	11879	1569529531041761	2019-09-27 00:26:03	2019-09-27 00:59:37
12402008	12773	1569438118316364	2019-09-27 00:26:10	2019-09-27 00:29:39
12401226	11879	1569529531041761	2019-09-27 00:26:14	2019-09-27 01:08:24
12401986	11879	1569529531041761	2019-09-27 00:26:45	2019-09-27 00:59:10
12401502	11879	1569529531041761	2019-09-27 00:27:34	2019-09-27 00:30:40
12401347	12773	1569438118316364	2019-09-27 00:28:00	2019-09-27 01:02:05
12401529	14368	1569529091792653	2019-09-27 00:28:23	2019-09-27 00:32:37
12401071	13978	1569521809891309	2019-09-27 00:29:18	2019-09-27 00:45:21
12402008	12773	1569438118316364	2019-09-27 00:30:25	2019-09-27 00:49:34
12401502	11879	1569529531041761	2019-09-27 00:31:01	2019-09-27 00:48:35
12401433	14371	1569529959871462	2019-09-27 00:32:44	2019-09-27 00:38:07
12401529	14371	1569529959871462	2019-09-27 00:33:48	2019-09-27 00:37:51
12401433	14371	1569529959871462	2019-09-27 00:38:25	2019-09-27 00:41:32
12401529	14371	1569529959871462	2019-09-27 00:39:21	2019-09-27 00:42:41
12401433	14371	1569529959871462	2019-09-27 00:41:46	2019-09-27 00:43:35
12401071	13978	1569521809891309	2019-09-27 00:46:30	2019-09-27 01:05:55
12401951	13978	1569521809891309	2019-09-27 00:49:49	2019-09-27 01:03:46
12399454	12773	1569438118316364	2019-09-27 00:50:03	2019-09-27 00:53:26
