id	send_uid	recv_uid	cp_num	cp_cycle_day	created	updated
1620	12458600	12463823	78	2019-12-19	2019-12-19 00:09:03	2019-12-20 14:15:27
1621	12261454	12459458	39	2019-12-19	2019-12-19 00:32:12	2019-12-19 00:32:12
1622	12300896	12459458	39	2019-12-19	2019-12-19 00:32:12	2019-12-19 00:32:12
1623	12444863	12459458	39	2019-12-19	2019-12-19 00:34:14	2019-12-19 00:34:14
1624	12459458	12465458	39	2019-12-19	2019-12-19 00:34:14	2019-12-19 00:34:14
1625	12459458	12463774	39	2019-12-19	2019-12-19 00:34:14	2019-12-19 00:34:14
1626	12293694	12459458	39	2019-12-19	2019-12-19 00:34:14	2019-12-19 00:34:14
1627	12397755	12461399	1098	2019-12-19	2019-12-19 00:39:46	2019-12-23 21:30:09
1628	12323748	12397755	1197	2019-12-19	2019-12-19 00:40:53	2019-12-20 14:52:08
1629	12463823	12466716	99	2019-12-19	2019-12-19 00:45:33	2019-12-19 00:45:33
1630	12401226	12420472	495	2019-12-19	2019-12-19 00:46:20	2019-12-21 00:40:10
1631	12380165	12401226	99	2019-12-19	2019-12-19 00:46:59	2019-12-19 00:46:59
1632	12401226	12455295	99	2019-12-19	2019-12-19 00:48:30	2019-12-19 00:48:30
1633	12099947	12401226	99	2019-12-19	2019-12-19 00:48:31	2019-12-19 00:48:31
1634	12401226	12448927	99	2019-12-19	2019-12-19 00:50:56	2019-12-19 00:50:56
1635	12462905	12463823	276	2019-12-19	2019-12-19 00:56:38	2019-12-21 19:23:15
1636	12457613	12462552	156	2019-12-19	2019-12-19 01:08:07	2019-12-19 01:08:15
1640	12416582	12463823	99	2019-12-19	2019-12-19 01:12:04	2019-12-19 01:12:04
1641	12445000	12459233	39	2019-12-19	2019-12-19 01:26:32	2019-12-19 01:26:32
1642	12459233	12467202	39	2019-12-19	2019-12-19 01:26:32	2019-12-19 01:26:32
1643	12459233	12463052	39	2019-12-19	2019-12-19 01:26:32	2019-12-19 01:26:32
1644	12459233	12467231	39	2019-12-19	2019-12-19 01:26:32	2019-12-19 01:26:32
1645	12459233	12466819	39	2019-12-19	2019-12-19 01:26:32	2019-12-19 01:26:32
1646	12300896	12463823	1809	2019-12-19	2019-12-19 02:02:45	2019-12-22 23:12:03
1649	12404166	12458118	198	2019-12-19	2019-12-19 02:11:37	2019-12-22 19:24:45
1650	12323748	12387465	39	2019-12-19	2019-12-19 02:37:35	2019-12-19 02:37:35
1651	12387465	12418020	39	2019-12-19	2019-12-19 02:37:35	2019-12-19 02:37:35
1652	12353726	12387465	39	2019-12-19	2019-12-19 02:37:35	2019-12-19 02:37:35
1653	12387465	12389381	39	2019-12-19	2019-12-19 02:37:35	2019-12-19 02:37:35
1654	12387465	12405484	39	2019-12-19	2019-12-19 02:37:35	2019-12-19 02:37:35
1655	12387465	12404166	39	2019-12-19	2019-12-19 02:37:35	2019-12-19 02:37:35
1656	12387465	12467062	39	2019-12-19	2019-12-19 02:37:35	2019-12-19 02:37:35
1657	12387465	12404299	39	2019-12-19	2019-12-19 02:37:35	2019-12-19 02:37:35
1658	12387465	12416270	39	2019-12-19	2019-12-19 02:37:35	2019-12-19 02:37:35
1659	12402258	12466153	393	2019-12-19	2019-12-19 02:43:57	2019-12-23 17:01:48
1660	12353726	12459458	39	2019-12-19	2019-12-19 02:44:45	2019-12-19 02:44:45
1661	12459458	12463195	39	2019-12-19	2019-12-19 02:45:44	2019-12-19 02:45:44
1662	12463823	12467258	375	2019-12-19	2019-12-19 02:51:52	2019-12-22 03:33:19
1663	12404166	12459458	297	2019-12-19	2019-12-19 02:53:55	2019-12-25 00:05:17
1664	12416726	12464392	78	2019-12-19	2019-12-19 03:31:30	2019-12-23 02:06:36
1665	12461399	12463023	86508	2019-12-19	2019-12-19 03:56:19	2019-12-24 17:52:41
1666	12405820	12461399	1494	2019-12-19	2019-12-19 03:56:23	2019-12-23 05:41:39
1667	12427678	12461399	396	2019-12-19	2019-12-19 03:56:26	2019-12-20 08:18:17
1668	12460653	12461399	99	2019-12-19	2019-12-19 03:56:29	2019-12-19 03:56:29
1669	12453899	12461399	198	2019-12-19	2019-12-19 03:56:32	2019-12-19 04:00:04
1672	12461399	12466078	99	2019-12-19	2019-12-19 05:25:58	2019-12-19 05:25:58
1673	12461399	12462538	99	2019-12-19	2019-12-19 06:44:29	2019-12-19 06:44:29
1675	12461399	12464680	99	2019-12-19	2019-12-19 06:44:29	2019-12-19 06:44:29
1676	12461399	12465275	99	2019-12-19	2019-12-19 06:44:29	2019-12-19 06:44:29
1677	12461399	12467060	99	2019-12-19	2019-12-19 06:44:29	2019-12-19 06:44:29
1679	12388886	12463823	138	2019-12-19	2019-12-19 12:45:02	2019-12-25 10:39:53
1680	12463823	12467227	39	2019-12-19	2019-12-19 12:45:11	2019-12-19 12:45:11
1681	12404166	12466153	588	2019-12-19	2019-12-19 14:26:07	2019-12-24 21:05:14
1682	12404299	12466153	372	2019-12-19	2019-12-19 14:26:07	2019-12-24 15:58:26
1683	10002	12466153	1293	2019-12-19	2019-12-19 14:26:07	2019-12-25 18:23:18
1684	12416270	12466153	333	2019-12-19	2019-12-19 14:26:07	2019-12-24 14:24:27
1689	12323748	12466153	1530	2019-12-19	2019-12-19 14:28:42	2019-12-24 01:39:03
1690	12466153	12467092	39	2019-12-19	2019-12-19 14:28:42	2019-12-19 14:28:42
1691	12353726	12466153	333	2019-12-19	2019-12-19 14:28:42	2019-12-24 15:58:26
1692	12464392	12466880	255	2019-12-19	2019-12-19 15:20:59	2019-12-21 18:25:55
1695	12385060	12464392	1494	2019-12-19	2019-12-19 15:28:58	2019-12-24 02:11:16
1698	12465275	12466153	39	2019-12-19	2019-12-19 15:30:50	2019-12-19 15:30:50
1699	12459919	12466153	39	2019-12-19	2019-12-19 15:30:50	2019-12-19 15:30:50
1700	12399737	12466153	39	2019-12-19	2019-12-19 15:30:50	2019-12-19 15:30:50
1701	12389631	12466153	39	2019-12-19	2019-12-19 15:30:50	2019-12-19 15:30:50
1702	12444743	12463823	39	2019-12-19	2019-12-19 15:37:14	2019-12-19 15:37:14
1703	12462557	12463823	78	2019-12-19	2019-12-19 15:37:14	2019-12-20 19:18:09
1704	12444743	12466153	78	2019-12-19	2019-12-19 15:42:14	2019-12-23 05:27:06
1705	12464392	12466153	273	2019-12-19	2019-12-19 15:42:14	2019-12-23 16:57:53
1706	12408509	12466153	156	2019-12-19	2019-12-19 15:42:14	2019-12-23 05:10:26
1707	12435497	12466153	39	2019-12-19	2019-12-19 15:42:14	2019-12-19 15:42:14
1708	12464223	12466153	156	2019-12-19	2019-12-19 15:42:14	2019-12-25 02:07:28
1709	12391682	12466153	39	2019-12-19	2019-12-19 15:42:14	2019-12-19 15:42:14
1710	12464972	12466153	78	2019-12-19	2019-12-19 15:42:14	2019-12-19 16:01:47
1711	12416726	12466153	117	2019-12-19	2019-12-19 15:42:14	2019-12-23 02:06:36
1712	12323748	12467211	138	2019-12-19	2019-12-19 15:53:02	2019-12-19 23:29:43
1714	12357402	12466153	39	2019-12-19	2019-12-19 16:01:47	2019-12-19 16:01:47
1716	12380084	12466153	39	2019-12-19	2019-12-19 16:01:47	2019-12-19 16:01:47
1718	12385060	12466153	1155	2019-12-19	2019-12-19 16:01:47	2019-12-24 17:18:08
1719	12457769	12466153	78	2019-12-19	2019-12-19 16:35:15	2019-12-19 16:49:28
1720	12466153	12467227	78	2019-12-19	2019-12-19 16:35:15	2019-12-19 16:49:28
1723	12458608	12466153	78	2019-12-19	2019-12-19 16:49:28	2019-12-23 05:10:26
1724	12466153	12466880	39	2019-12-19	2019-12-19 16:52:13	2019-12-19 16:52:13
1725	12423516	12466153	39	2019-12-19	2019-12-19 16:52:13	2019-12-19 16:52:13
1726	12388886	12466153	39	2019-12-19	2019-12-19 16:52:13	2019-12-19 16:52:13
1727	12452732	12466153	39	2019-12-19	2019-12-19 16:52:13	2019-12-19 16:52:13
1728	10003	12466153	39	2019-12-19	2019-12-19 16:52:13	2019-12-19 16:52:13
1729	12458635	12466153	39	2019-12-19	2019-12-19 16:52:13	2019-12-19 16:52:13
1731	12466153	12466369	39	2019-12-19	2019-12-19 16:52:13	2019-12-19 16:52:13
1732	12463244	12466153	39	2019-12-19	2019-12-19 16:52:13	2019-12-19 16:52:13
1733	12357373	12459932	138	2019-12-19	2019-12-19 17:06:33	2019-12-19 17:07:00
1736	12389631	12424293	39	2019-12-19	2019-12-19 17:41:11	2019-12-19 17:41:11
1737	12402258	12424293	39	2019-12-19	2019-12-19 17:41:11	2019-12-19 17:41:11
1754	12352301	12401226	297	2019-12-19	2019-12-19 17:53:04	2019-12-21 00:39:41
1755	12397755	12401226	297	2019-12-19	2019-12-19 17:53:16	2019-12-20 18:59:10
1756	12388886	12401226	198	2019-12-19	2019-12-19 17:53:24	2019-12-19 21:36:37
1757	12401226	12405484	99	2019-12-19	2019-12-19 17:53:35	2019-12-19 17:53:35
1758	12463368	12463823	177	2019-12-19	2019-12-19 18:29:58	2019-12-20 20:47:00
1764	12401226	12434309	99	2019-12-19	2019-12-19 18:36:16	2019-12-19 18:36:16
1765	12401226	12464392	396	2019-12-19	2019-12-19 18:37:09	2019-12-20 18:03:06
1766	12462606	12463823	294	2019-12-19	2019-12-19 18:40:44	2019-12-25 19:07:47
1767	12462584	12463823	630	2019-12-19	2019-12-19 18:44:25	2019-12-24 22:33:26
1771	12386048	12462548	198	2019-12-19	2019-12-19 19:16:07	2019-12-19 19:16:21
1773	12462548	12463823	99	2019-12-19	2019-12-19 19:34:37	2019-12-19 19:34:37
1774	12462587	12464740	99	2019-12-19	2019-12-19 20:04:16	2019-12-19 20:04:16
1775	12409083	12466071	99	2019-12-19	2019-12-19 20:44:24	2019-12-19 20:44:24
1776	12366771	12409083	99	2019-12-19	2019-12-19 20:45:00	2019-12-19 20:45:00
1777	12462584	12464740	732	2019-12-19	2019-12-19 20:56:14	2019-12-19 20:58:44
1786	12123923	12459932	156	2019-12-19	2019-12-19 21:09:50	2019-12-19 21:10:15
1788	12400530	12459932	117	2019-12-19	2019-12-19 21:10:01	2019-12-19 21:10:15
1791	12339007	12459932	39	2019-12-19	2019-12-19 21:10:06	2019-12-19 21:10:06
1794	12401226	12459045	99	2019-12-19	2019-12-19 21:27:56	2019-12-19 21:27:56
1795	12460186	12466153	138	2019-12-19	2019-12-19 21:29:56	2019-12-20 05:37:59
1797	12460416	12467326	99	2019-12-19	2019-12-19 21:44:43	2019-12-19 21:44:43
1798	12099947	12459932	78	2019-12-19	2019-12-19 22:14:27	2019-12-19 22:14:32
1799	12368885	12459932	78	2019-12-19	2019-12-19 22:14:32	2019-12-21 23:27:54
1801	12399736	12459932	39	2019-12-19	2019-12-19 22:15:10	2019-12-19 22:15:10
1802	12462569	12462900	396	2019-12-19	2019-12-19 22:45:37	2019-12-19 22:45:57
1806	12380165	12466153	39	2019-12-19	2019-12-19 23:14:52	2019-12-19 23:14:52
1808	12459932	12466153	156	2019-12-19	2019-12-19 23:14:52	2019-12-23 16:57:53
1809	12465705	12466153	117	2019-12-19	2019-12-19 23:14:52	2019-12-23 01:56:15
1810	12368885	12466153	78	2019-12-19	2019-12-19 23:14:52	2019-12-20 05:36:12
1811	12099947	12466153	294	2019-12-19	2019-12-19 23:14:52	2019-12-23 17:11:44
1812	12462538	12466153	78	2019-12-19	2019-12-19 23:14:52	2019-12-24 12:56:13
1815	12405820	12444743	39	2019-12-19	2019-12-19 23:16:03	2019-12-19 23:16:03
1816	12401226	12466880	297	2019-12-19	2019-12-19 23:20:18	2019-12-20 18:59:10
1817	12459233	12467550	39	2019-12-19	2019-12-19 23:26:10	2019-12-19 23:26:10
1819	12401226	12467550	198	2019-12-19	2019-12-19 23:30:16	2019-12-19 23:36:45
1820	12283623	12467211	39	2019-12-19	2019-12-19 23:33:22	2019-12-19 23:33:22
1822	12401226	12410450	198	2019-12-19	2019-12-19 23:46:41	2019-12-20 00:54:03
1823	12458635	12459278	198	2019-12-19	2019-12-19 23:50:17	2019-12-19 23:51:14
1825	12380165	12463823	39	2019-12-19	2019-12-20 00:24:38	2019-12-20 00:24:38
1826	12323748	12404166	2295	2019-12-19	2019-12-20 00:32:09	2019-12-25 00:05:08
1827	12323748	12417938	99	2019-12-19	2019-12-20 00:32:40	2019-12-20 00:32:40
1829	12323748	12405484	99	2019-12-19	2019-12-20 00:32:40	2019-12-20 00:32:40
1831	12401226	12446529	198	2019-12-19	2019-12-20 00:54:17	2019-12-20 18:58:33
1832	12401226	12434899	99	2019-12-19	2019-12-20 00:54:20	2019-12-20 00:54:20
1833	12099947	12464392	396	2019-12-19	2019-12-20 01:17:49	2019-12-24 16:48:00
1835	12357373	12417824	39	2019-12-19	2019-12-20 01:42:31	2019-12-20 01:42:31
1836	12459233	12459654	99	2019-12-19	2019-12-20 01:54:50	2019-12-20 01:54:50
1837	12459233	12459932	99	2019-12-19	2019-12-20 01:54:50	2019-12-20 01:54:50
1838	12452732	12459233	99	2019-12-19	2019-12-20 01:54:51	2019-12-20 01:54:51
1839	12379274	12406049	39	2019-12-19	2019-12-20 01:56:38	2019-12-20 01:56:38
1840	12457613	12459458	99	2019-12-19	2019-12-20 02:51:29	2019-12-20 02:51:29
1845	12461399	12462340	1494	2019-12-19	2019-12-20 03:59:04	2019-12-23 06:00:28
1848	12462590	12463823	117	2019-12-19	2019-12-20 04:20:05	2019-12-20 19:18:09
1849	12458798	12463823	39	2019-12-19	2019-12-20 04:24:02	2019-12-20 04:24:02
1850	12463823	12464502	39	2019-12-19	2019-12-20 04:24:02	2019-12-20 04:24:02
1851	12461053	12463823	39	2019-12-19	2019-12-20 04:39:17	2019-12-20 04:39:17
1852	12414559	12463823	39	2019-12-19	2019-12-20 04:47:46	2019-12-20 04:47:46
1853	12407964	12466153	39	2019-12-19	2019-12-20 05:36:11	2019-12-20 05:36:11
1854	12391189	12466153	78	2019-12-19	2019-12-20 05:36:12	2019-12-25 02:12:32
1856	12466153	12466210	78	2019-12-19	2019-12-20 05:36:12	2019-12-23 05:56:12
1865	12461399	12464392	1494	2019-12-19	2019-12-20 07:02:56	2019-12-25 00:34:47
1867	12461399	12466331	336	2019-12-19	2019-12-20 07:04:37	2019-12-21 05:10:22
1868	12431002	12461399	198	2019-12-19	2019-12-20 07:04:41	2019-12-24 02:30:26
1870	12332423	12461399	99	2019-12-19	2019-12-20 07:06:48	2019-12-20 07:06:48
1871	12394063	12461399	297	2019-12-19	2019-12-20 07:06:50	2019-12-22 21:19:31
1872	12418108	12461399	99	2019-12-19	2019-12-20 07:08:45	2019-12-20 07:08:45
1874	10003	12385060	99	2019-12-19	2019-12-20 09:59:15	2019-12-20 09:59:15
1875	12385060	12459233	99	2019-12-19	2019-12-20 10:04:05	2019-12-20 10:04:05
1876	12401226	12459233	999	2019-12-19	2019-12-20 11:39:00	2019-12-20 11:39:00
1877	12466153	12467537	39	2019-12-19	2019-12-20 12:56:43	2019-12-20 12:56:43
1878	12370899	12466153	78	2019-12-19	2019-12-20 12:56:43	2019-12-20 15:33:28
1881	12464197	12466153	39	2019-12-19	2019-12-20 12:56:43	2019-12-20 12:56:43
1882	12352301	12466153	78	2019-12-19	2019-12-20 12:56:43	2019-12-20 15:33:28
1883	12466153	12467214	117	2019-12-19	2019-12-20 12:56:43	2019-12-23 16:57:53
1884	12466153	12466787	39	2019-12-19	2019-12-20 12:56:43	2019-12-20 12:56:43
1885	12446529	12466153	39	2019-12-19	2019-12-20 12:58:06	2019-12-20 12:58:06
1886	12460311	12467214	39	2019-12-19	2019-12-20 13:14:07	2019-12-20 13:14:07
1887	12460311	12466787	138	2019-12-19	2019-12-20 13:14:47	2019-12-20 21:48:37
1888	12352301	12466848	39	2019-12-19	2019-12-20 13:18:18	2019-12-20 13:18:18
1889	12459932	12467214	39	2019-12-19	2019-12-20 13:25:48	2019-12-20 13:25:48
1890	12397755	12459932	1665	2019-12-19	2019-12-20 13:38:45	2019-12-20 15:51:38
1891	12462656	12466071	39	2019-12-19	2019-12-20 13:39:33	2019-12-20 13:39:33
1892	12397755	12467214	135027	2019-12-19	2019-12-20 13:44:24	2019-12-25 23:58:09
1893	12463823	12467214	39	2019-12-19	2019-12-20 14:15:27	2019-12-20 14:15:27
1894	12459932	12463823	39	2019-12-19	2019-12-20 14:15:27	2019-12-20 14:15:27
1896	12458608	12463823	39	2019-12-19	2019-12-20 14:26:02	2019-12-20 14:26:02
1897	12463023	12463823	39	2019-12-19	2019-12-20 14:26:02	2019-12-20 14:26:02
1903	12463823	12467407	39	2019-12-19	2019-12-20 14:44:38	2019-12-20 14:44:38
1904	12462030	12463823	39	2019-12-19	2019-12-20 14:44:38	2019-12-20 14:44:38
1905	12397755	12404166	1275	2019-12-19	2019-12-20 14:51:41	2019-12-24 21:38:25
1909	12397755	12424850	549	2019-12-19	2019-12-20 14:53:15	2019-12-20 15:39:55
1910	12397755	12467237	273	2019-12-19	2019-12-20 14:53:15	2019-12-20 15:02:30
1912	12397755	12467187	273	2019-12-19	2019-12-20 14:53:15	2019-12-20 15:02:30
1913	12352301	12397755	333	2019-12-19	2019-12-20 14:53:15	2019-12-20 15:51:38
1915	12397755	12463277	138	2019-12-19	2019-12-20 14:53:15	2019-12-20 15:26:52
1916	12361563	12397755	471	2019-12-19	2019-12-20 14:53:15	2019-12-21 21:04:00
1919	12397755	12458600	1389	2019-12-19	2019-12-20 15:02:00	2019-12-20 15:51:38
1924	12397755	12417047	234	2019-12-19	2019-12-20 15:02:00	2019-12-20 15:02:30
1966	12353077	12467422	99	2019-12-19	2019-12-20 15:04:40	2019-12-20 15:04:40
1967	12397755	12416726	39	2019-12-19	2019-12-20 15:05:24	2019-12-20 15:05:24
1968	12397755	12434899	138	2019-12-19	2019-12-20 15:05:24	2019-12-21 21:04:00
1969	12397755	12464392	39	2019-12-19	2019-12-20 15:05:24	2019-12-20 15:05:24
1970	12397755	12463023	39	2019-12-19	2019-12-20 15:05:24	2019-12-20 15:05:24
1971	12394174	12397755	138	2019-12-19	2019-12-20 15:05:24	2019-12-21 21:04:00
1972	12395128	12397755	99	2019-12-19	2019-12-20 15:18:33	2019-12-20 15:18:33
1977	12397755	12464756	198	2019-12-19	2019-12-20 15:18:34	2019-12-20 15:26:53
1983	12397755	12466153	2607	2019-12-19	2019-12-20 15:26:52	2019-12-25 19:48:18
1989	12436355	12466153	39	2019-12-19	2019-12-20 15:33:28	2019-12-20 15:33:28
1990	12424850	12466153	117	2019-12-19	2019-12-20 15:33:28	2019-12-24 12:56:13
1994	12397755	12436355	195	2019-12-19	2019-12-20 15:33:57	2019-12-20 15:51:38
1995	12370899	12397755	195	2019-12-19	2019-12-20 15:33:57	2019-12-20 15:51:38
2008	12352423	12397755	1077	2019-12-19	2019-12-20 15:38:11	2019-12-24 15:59:21
2013	12397755	12467312	39	2019-12-19	2019-12-20 15:39:54	2019-12-20 15:39:54
2019	12397755	12434309	78	2019-12-19	2019-12-20 15:50:13	2019-12-20 15:51:38
2031	12397755	12466787	39	2019-12-19	2019-12-20 15:51:38	2019-12-20 15:51:38
2033	12460186	12460311	792	2019-12-19	2019-12-20 15:52:22	2019-12-23 19:54:36
2034	12389381	12466153	118983	2019-12-19	2019-12-20 15:52:32	2019-12-25 23:53:52
2035	12389381	12397755	489	2019-12-19	2019-12-20 15:52:36	2019-12-24 15:59:21
2045	12424364	12459458	39	2019-12-19	2019-12-20 16:09:09	2019-12-20 16:09:09
2046	12370899	12459458	39	2019-12-19	2019-12-20 16:09:09	2019-12-20 16:09:09
2047	12459458	12466787	39	2019-12-19	2019-12-20 16:09:09	2019-12-20 16:09:09
2048	12434309	12459458	39	2019-12-19	2019-12-20 16:09:09	2019-12-20 16:09:09
2049	12459458	12459932	39	2019-12-19	2019-12-20 16:09:09	2019-12-20 16:09:09
2050	12424850	12459458	39	2019-12-19	2019-12-20 16:09:09	2019-12-20 16:09:09
2051	12459458	12467214	39	2019-12-19	2019-12-20 16:09:09	2019-12-20 16:09:09
2052	12446529	12459458	39	2019-12-19	2019-12-20 16:09:09	2019-12-20 16:09:09
2053	12352301	12459458	39	2019-12-19	2019-12-20 16:09:09	2019-12-20 16:09:09
2055	12463023	12466744	39	2019-12-19	2019-12-20 16:26:08	2019-12-20 16:26:08
2057	12430968	12461399	99	2019-12-19	2019-12-20 16:49:57	2019-12-20 16:49:57
2060	12467326	12467788	198	2019-12-19	2019-12-20 17:24:06	2019-12-21 20:20:54
2062	12079620	12467326	138	2019-12-19	2019-12-20 17:28:09	2019-12-20 22:14:43
2068	12337636	12401226	99	2019-12-19	2019-12-20 18:03:16	2019-12-20 18:03:16
2069	12401226	12466787	198	2019-12-19	2019-12-20 18:03:24	2019-12-20 18:58:33
2072	12394470	12466153	99	2019-12-19	2019-12-20 18:03:48	2019-12-20 18:03:48
2074	12459458	12466153	1413	2019-12-19	2019-12-20 18:03:48	2019-12-25 18:10:54
2075	12463195	12466153	237	2019-12-19	2019-12-20 18:03:48	2019-12-24 00:23:20
2077	12459458	12467790	39	2019-12-19	2019-12-20 18:18:34	2019-12-20 18:18:34
2079	12459458	12466464	39	2019-12-19	2019-12-20 18:35:31	2019-12-20 18:35:31
2080	12456817	12459458	39	2019-12-19	2019-12-20 18:38:41	2019-12-20 18:38:41
2082	12464392	12466071	39	2019-12-19	2019-12-20 18:49:07	2019-12-20 18:49:07
2083	12401226	12408509	99	2019-12-19	2019-12-20 18:58:33	2019-12-20 18:58:33
2090	12361563	12466880	99	2019-12-19	2019-12-20 19:00:26	2019-12-20 19:00:26
2091	12099947	12466880	99	2019-12-19	2019-12-20 19:00:37	2019-12-20 19:00:37
2092	12395813	12466880	39	2019-12-19	2019-12-20 19:00:53	2019-12-20 19:00:53
2093	12389381	12460186	99	2019-12-19	2019-12-20 19:11:39	2019-12-20 19:11:39
2097	12434309	12460186	393	2019-12-19	2019-12-20 19:20:26	2019-12-24 17:39:51
2098	12462597	12463823	7644	2019-12-19	2019-12-20 19:22:15	2019-12-25 23:13:19
2101	12415342	12460186	99	2019-12-19	2019-12-20 19:27:44	2019-12-20 19:27:44
2102	12408509	12460186	99	2019-12-19	2019-12-20 19:36:42	2019-12-20 19:36:42
2103	12462577	12463823	8493	2019-12-19	2019-12-20 19:54:39	2019-12-24 01:55:21
2104	12385060	12424293	6741	2019-12-19	2019-12-20 19:57:56	2019-12-25 18:10:43
2107	12460186	12463195	138	2019-12-19	2019-12-20 20:04:35	2019-12-23 19:23:01
2108	12463244	12463823	99	2019-12-19	2019-12-20 20:10:17	2019-12-20 20:10:17
2109	12404166	12457229	1098	2019-12-19	2019-12-20 20:12:59	2019-12-20 20:13:39
2111	12464392	12467789	297	2019-12-19	2019-12-20 20:15:57	2019-12-24 22:53:16
2112	12459932	12467789	39	2019-12-19	2019-12-20 20:16:17	2019-12-20 20:16:17
2113	12352301	12388886	39	2019-12-19	2019-12-20 20:20:08	2019-12-20 20:20:08
2115	12453108	12464392	138	2019-12-19	2019-12-20 20:39:01	2019-12-20 21:04:41
2117	12409083	12457229	999	2019-12-19	2019-12-20 21:04:17	2019-12-20 21:04:17
2119	12457545	12460311	99	2019-12-19	2019-12-20 21:10:10	2019-12-20 21:10:10
2124	12457769	12460311	396	2019-12-19	2019-12-20 21:25:45	2019-12-21 23:01:35
2126	12460311	12467332	198	2019-12-19	2019-12-20 21:39:13	2019-12-21 21:41:33
2128	12404299	12405484	138	2019-12-19	2019-12-20 21:52:08	2019-12-20 21:52:45
2136	12410450	12460311	99	2019-12-19	2019-12-20 21:56:33	2019-12-20 21:56:33
2138	12467326	12467616	2550	2019-12-19	2019-12-20 22:14:06	2019-12-24 22:31:12
2140	12463053	12467326	297	2019-12-19	2019-12-20 22:22:05	2019-12-22 23:41:39
2142	12460311	12467905	99	2019-12-19	2019-12-20 22:30:21	2019-12-20 22:30:21
2144	12420472	12460311	177	2019-12-19	2019-12-20 22:35:14	2019-12-21 22:46:52
2146	12406094	12463823	39	2019-12-19	2019-12-20 22:46:22	2019-12-20 22:46:22
2148	12352301	12460311	39	2019-12-19	2019-12-20 22:50:49	2019-12-20 22:50:49
2149	12460311	12467138	39	2019-12-19	2019-12-20 22:51:03	2019-12-20 22:51:03
2150	12460311	12462340	138	2019-12-19	2019-12-20 22:51:10	2019-12-21 19:42:26
2151	12460311	12466369	39	2019-12-19	2019-12-20 22:59:45	2019-12-20 22:59:45
2152	12467326	12467547	39	2019-12-19	2019-12-20 23:24:27	2019-12-20 23:24:27
2154	10003	12466744	39	2019-12-19	2019-12-20 23:36:30	2019-12-20 23:36:30
2155	12467238	12467326	336	2019-12-19	2019-12-20 23:47:51	2019-12-22 21:29:48
2156	12323748	12467989	1098	2019-12-19	2019-12-21 00:03:37	2019-12-21 18:00:47
2157	12446529	12459932	99	2019-12-19	2019-12-21 00:22:07	2019-12-21 00:22:07
2158	12394063	12459932	99	2019-12-19	2019-12-21 00:25:29	2019-12-21 00:25:29
2159	12394063	12460186	99	2019-12-19	2019-12-21 00:26:48	2019-12-21 00:26:48
2160	12459932	12464392	99	2019-12-19	2019-12-21 00:28:24	2019-12-21 00:28:24
2161	12294832	12463823	39	2019-12-19	2019-12-21 00:30:04	2019-12-21 00:30:04
2164	12411407	12467326	216	2019-12-19	2019-12-21 00:33:34	2019-12-21 21:32:33
2166	12467326	12467672	513	2019-12-19	2019-12-21 00:33:40	2019-12-24 17:19:13
2167	12467326	12467778	513	2019-12-19	2019-12-21 00:33:51	2019-12-24 14:25:27
2173	12401226	12403420	99	2019-12-19	2019-12-21 00:39:06	2019-12-21 00:39:06
2174	12401226	12459929	198	2019-12-19	2019-12-21 00:39:13	2019-12-21 00:39:23
2178	12357373	12401226	99	2019-12-19	2019-12-21 00:39:53	2019-12-21 00:39:53
2183	12366771	12466153	2568	2019-12-19	2019-12-21 01:01:12	2019-12-25 18:15:59
2184	12352423	12466153	411	2019-12-19	2019-12-21 01:01:12	2019-12-24 15:58:26
2185	12466153	12467944	99	2019-12-19	2019-12-21 01:01:12	2019-12-21 01:01:12
2186	12466071	12466153	138	2019-12-19	2019-12-21 01:02:08	2019-12-23 00:59:53
2190	12458118	12466153	1332	2019-12-19	2019-12-21 01:06:36	2019-12-25 03:34:43
2192	12387977	12466153	1098	2019-12-19	2019-12-21 01:20:12	2019-12-24 05:18:38
2193	12352301	12460186	138	2019-12-19	2019-12-21 01:29:15	2019-12-21 18:00:59
2194	12332423	12464392	99	2019-12-19	2019-12-21 01:46:07	2019-12-21 01:46:07
2195	12463823	12467592	177	2019-12-19	2019-12-21 01:57:15	2019-12-25 14:43:02
2196	12467592	12468062	2196	2019-12-19	2019-12-21 02:26:01	2019-12-21 14:12:24
2198	12460186	12467160	276	2019-12-19	2019-12-21 04:36:16	2019-12-22 19:54:58
2199	12463823	12467992	39	2019-12-19	2019-12-21 04:36:41	2019-12-21 04:36:41
2200	12463823	12467055	39	2019-12-19	2019-12-21 04:36:41	2019-12-21 04:36:41
2201	12467160	12468016	99	2019-12-19	2019-12-21 04:36:52	2019-12-21 04:36:52
2203	12466153	12466331	99	2019-12-19	2019-12-21 04:56:42	2019-12-21 04:56:42
2206	12466153	12467812	99	2019-12-19	2019-12-21 04:56:42	2019-12-21 04:56:42
2207	12461399	12466153	138	2019-12-19	2019-12-21 05:02:42	2019-12-24 21:02:00
2210	12461399	12467812	99	2019-12-19	2019-12-21 05:10:21	2019-12-21 05:10:21
2211	12459458	12461399	198	2019-12-19	2019-12-21 05:10:21	2019-12-23 18:20:37
2212	12424850	12461399	99	2019-12-19	2019-12-21 05:10:21	2019-12-21 05:10:21
2213	12402258	12461399	198	2019-12-19	2019-12-21 05:10:21	2019-12-21 19:28:22
2214	12399736	12461399	1098	2019-12-19	2019-12-21 05:10:21	2019-12-23 20:47:01
2216	12394063	12466153	216	2019-12-19	2019-12-21 05:24:58	2019-12-25 13:16:13
2218	12464502	12466153	78	2019-12-19	2019-12-21 05:40:31	2019-12-25 04:01:08
2219	12275930	12466153	39	2019-12-19	2019-12-21 05:40:31	2019-12-21 05:40:31
2220	12459357	12466153	39	2019-12-19	2019-12-21 05:40:31	2019-12-21 05:40:31
2221	12458825	12466153	78	2019-12-19	2019-12-21 05:40:31	2019-12-25 04:01:08
2222	12466078	12466153	39	2019-12-19	2019-12-21 05:40:31	2019-12-21 05:40:31
2223	12463993	12466153	273	2019-12-19	2019-12-21 05:40:31	2019-12-25 18:25:24
2225	12420472	12428032	39	2019-12-19	2019-12-21 05:52:00	2019-12-21 05:52:00
2226	12420472	12463773	39	2019-12-19	2019-12-21 06:01:22	2019-12-21 06:01:22
2227	12418201	12467326	39	2019-12-19	2019-12-21 07:20:44	2019-12-21 07:20:44
2228	12398975	12461399	99	2019-12-19	2019-12-21 08:28:00	2019-12-21 08:28:00
2229	12417947	12461399	198	2019-12-19	2019-12-21 09:07:56	2019-12-21 09:33:53
2231	12454946	12461399	99	2019-12-19	2019-12-21 09:59:29	2019-12-21 09:59:29
2232	12463823	12467078	39	2019-12-19	2019-12-21 11:28:15	2019-12-21 11:28:15
2233	12463823	12466787	39	2019-12-19	2019-12-21 11:33:01	2019-12-21 11:33:01
2236	12385060	12467214	999	2019-12-19	2019-12-21 12:18:26	2019-12-21 12:18:26
2237	12385060	12460311	39	2019-12-19	2019-12-21 12:21:52	2019-12-21 12:21:52
2240	12389631	12400530	99	2019-12-19	2019-12-21 14:25:18	2019-12-21 14:25:18
2241	12397755	12467592	276	2019-12-19	2019-12-21 14:30:23	2019-12-21 14:32:52
2242	12397755	12468167	78	2019-12-19	2019-12-21 14:30:23	2019-12-21 14:30:25
2243	12394486	12397755	78	2019-12-19	2019-12-21 14:30:23	2019-12-21 14:30:25
2249	12397755	12468162	99	2019-12-19	2019-12-21 15:03:25	2019-12-21 15:03:25
2250	12099947	12397755	99	2019-12-19	2019-12-21 16:25:59	2019-12-21 16:25:59
2251	12467326	12467422	198	2019-12-19	2019-12-21 16:28:18	2019-12-22 21:29:48
2257	12397755	12402258	39	2019-12-19	2019-12-21 16:39:51	2019-12-21 16:39:51
2258	12451643	12467326	39	2019-12-19	2019-12-21 16:41:39	2019-12-21 16:41:39
2259	12467326	12467989	1038	2019-12-19	2019-12-21 16:41:39	2019-12-23 02:13:32
2260	12416582	12461399	99	2019-12-19	2019-12-21 16:48:09	2019-12-21 16:48:09
2261	12467202	12467326	999	2019-12-19	2019-12-21 16:58:22	2019-12-21 16:58:22
2263	12467326	12467513	495	2019-12-19	2019-12-21 17:19:05	2019-12-24 17:19:13
2267	12460186	12466880	39	2019-12-19	2019-12-21 17:29:29	2019-12-21 17:29:29
2268	12219410	12460186	39	2019-12-19	2019-12-21 17:40:12	2019-12-21 17:40:12
2270	12457769	12460186	78	2019-12-19	2019-12-21 17:53:53	2019-12-23 20:33:59
2272	12458908	12460311	99	2019-12-19	2019-12-21 17:55:24	2019-12-21 17:55:24
2273	12458908	12460186	39	2019-12-19	2019-12-21 17:59:15	2019-12-21 17:59:15
2274	12460186	12467332	138	2019-12-19	2019-12-21 17:59:40	2019-12-21 21:31:16
2279	12444743	12460186	39	2019-12-19	2019-12-21 18:15:00	2019-12-21 18:15:00
2281	12460186	12466744	39	2019-12-19	2019-12-21 18:20:07	2019-12-21 18:20:07
2282	12407649	12466153	99	2019-12-19	2019-12-21 18:21:40	2019-12-21 18:21:40
2283	12407649	12466880	39	2019-12-19	2019-12-21 18:25:01	2019-12-21 18:25:01
2285	12368885	12466880	39	2019-12-19	2019-12-21 18:25:01	2019-12-21 18:25:01
2286	12357373	12460186	39	2019-12-19	2019-12-21 18:25:20	2019-12-21 18:25:20
2288	12405820	12460186	39	2019-12-19	2019-12-21 18:32:08	2019-12-21 18:32:08
2289	12463823	12467789	39	2019-12-19	2019-12-21 18:34:19	2019-12-21 18:34:19
2290	12366771	12463823	78	2019-12-19	2019-12-21 18:34:19	2019-12-25 14:28:40
2291	12439499	12463823	255	2019-12-19	2019-12-21 18:34:19	2019-12-25 11:04:53
2292	12464392	12467646	177	2019-12-19	2019-12-21 18:39:13	2019-12-25 01:32:59
2293	12463214	12463823	39	2019-12-19	2019-12-21 18:39:22	2019-12-21 18:39:22
2294	12463195	12463823	117	2019-12-19	2019-12-21 18:39:22	2019-12-25 01:01:05
2295	12463316	12463823	39	2019-12-19	2019-12-21 18:39:22	2019-12-21 18:39:22
2297	12467326	12467939	99	2019-12-19	2019-12-21 18:43:37	2019-12-21 18:43:37
2299	12099947	12460186	39	2019-12-19	2019-12-21 18:51:03	2019-12-21 18:51:03
2300	12417886	12420472	39	2019-12-19	2019-12-21 18:52:50	2019-12-21 18:52:50
2301	12460186	12467111	39	2019-12-19	2019-12-21 18:56:37	2019-12-21 18:56:37
2304	12461399	12467644	99	2019-12-19	2019-12-21 19:28:22	2019-12-21 19:28:22
2305	12426978	12461399	99	2019-12-19	2019-12-21 19:28:22	2019-12-21 19:28:22
2307	12461399	12464993	99	2019-12-19	2019-12-21 19:28:22	2019-12-21 19:28:22
2308	12461399	12467672	99	2019-12-19	2019-12-21 19:28:22	2019-12-21 19:28:22
2309	12461399	12467646	99	2019-12-19	2019-12-21 19:28:22	2019-12-21 19:28:22
2310	12461399	12467616	99	2019-12-19	2019-12-21 19:28:22	2019-12-21 19:28:22
2312	12466153	12467180	39	2019-12-19	2019-12-21 19:30:39	2019-12-21 19:30:39
2317	12465659	12466153	39	2019-12-19	2019-12-21 19:30:39	2019-12-21 19:30:39
2318	12444743	12460311	99	2019-12-19	2019-12-21 19:31:03	2019-12-21 19:31:03
2319	12352301	12458600	39	2019-12-19	2019-12-21 19:34:07	2019-12-21 19:34:07
2320	12352301	12444743	39	2019-12-19	2019-12-21 19:34:07	2019-12-21 19:34:07
2322	12460311	12463195	99	2019-12-19	2019-12-21 19:41:54	2019-12-21 19:41:54
2330	12416726	12460311	99	2019-12-19	2019-12-21 19:49:19	2019-12-21 19:49:19
2331	12460311	12468016	99	2019-12-19	2019-12-21 19:58:00	2019-12-21 19:58:00
2357	12462905	12468154	39	2019-12-19	2019-12-21 20:09:49	2019-12-21 20:09:49
2358	12464221	12468154	39	2019-12-19	2019-12-21 20:09:49	2019-12-21 20:09:49
2360	12418352	12460311	99	2019-12-19	2019-12-21 20:20:55	2019-12-21 20:20:55
2361	12467326	12467592	336	2019-12-19	2019-12-21 20:21:14	2019-12-25 18:16:45
2362	12230100	12460311	138	2019-12-19	2019-12-21 20:32:37	2019-12-21 20:32:43
2364	12418352	12467326	198	2019-12-19	2019-12-21 20:40:40	2019-12-23 17:50:13
2365	12388886	12457769	117	2019-12-19	2019-12-21 20:45:19	2019-12-23 23:01:39
2369	12364125	12397755	375	2019-12-19	2019-12-21 21:03:26	2019-12-22 23:43:38
2371	12397755	12457844	99	2019-12-19	2019-12-21 21:04:00	2019-12-21 21:04:00
2375	12388886	12459932	99	2019-12-19	2019-12-21 21:04:30	2019-12-21 21:04:30
2376	12397755	12467825	39	2019-12-19	2019-12-21 21:27:57	2019-12-21 21:27:57
2378	12388886	12460311	138	2019-12-19	2019-12-21 21:31:58	2019-12-23 20:34:32
2381	12397755	12467672	39	2019-12-19	2019-12-21 21:44:57	2019-12-21 21:44:57
2382	12397755	12463052	39	2019-12-19	2019-12-21 21:44:57	2019-12-21 21:44:57
2383	12397755	12467646	39	2019-12-19	2019-12-21 21:44:57	2019-12-21 21:44:57
2384	12397755	12399736	39	2019-12-19	2019-12-21 21:44:57	2019-12-21 21:44:57
2385	12397755	12411407	39	2019-12-19	2019-12-21 21:44:57	2019-12-21 21:44:57
2386	12397755	12439499	39	2019-12-19	2019-12-21 21:44:57	2019-12-21 21:44:57
2387	12397755	12467238	39	2019-12-19	2019-12-21 21:44:57	2019-12-21 21:44:57
2388	12397755	12467616	39	2019-12-19	2019-12-21 21:44:57	2019-12-21 21:44:57
2389	12397755	12467644	39	2019-12-19	2019-12-21 21:44:57	2019-12-21 21:44:57
2390	12459932	12460311	198	2019-12-19	2019-12-21 21:52:39	2019-12-21 22:14:41
2391	12459929	12460311	99	2019-12-19	2019-12-21 22:06:04	2019-12-21 22:06:04
2393	12403420	12460311	99	2019-12-19	2019-12-21 22:24:21	2019-12-21 22:24:21
2394	12452931	12460186	99	2019-12-19	2019-12-21 22:29:54	2019-12-21 22:29:54
2395	12460311	12464392	99	2019-12-19	2019-12-21 22:46:37	2019-12-21 22:46:37
2397	12388886	12420472	39	2019-12-19	2019-12-21 22:49:35	2019-12-21 22:49:35
2400	10002	12466071	99	2019-12-19	2019-12-21 23:12:13	2019-12-21 23:12:13
2401	12461023	12466133	999	2019-12-19	2019-12-21 23:24:59	2019-12-21 23:24:59
2403	12364125	12459932	39	2019-12-19	2019-12-21 23:29:05	2019-12-21 23:29:05
2405	12449408	12467043	117	2019-12-19	2019-12-21 23:46:57	2019-12-22 01:21:09
2406	12293824	12397755	39	2019-12-19	2019-12-21 23:57:37	2019-12-21 23:57:37
2407	12353077	12463244	396	2019-12-19	2019-12-21 23:59:16	2019-12-24 12:40:57
2408	12403420	12434309	435	2019-12-19	2019-12-22 00:00:11	2019-12-23 04:34:28
2413	12387977	12463823	99	2019-12-19	2019-12-22 00:32:01	2019-12-22 00:32:01
2419	12467326	12467950	198	2019-12-19	2019-12-22 00:47:53	2019-12-22 01:02:06
2424	12251355	12434309	117	2019-12-19	2019-12-22 00:54:51	2019-12-24 17:39:51
2427	12434309	12467060	78	2019-12-19	2019-12-22 00:55:47	2019-12-22 00:56:38
2428	12424850	12434309	78	2019-12-19	2019-12-22 00:55:47	2019-12-22 00:56:38
2432	12459929	12462577	78	2019-12-19	2019-12-22 01:04:57	2019-12-22 01:34:58
2433	12459929	12463823	177	2019-12-19	2019-12-22 01:04:57	2019-12-22 01:34:57
2436	12446529	12463823	99	2019-12-19	2019-12-22 01:13:39	2019-12-22 01:13:39
2438	12352301	12467043	39	2019-12-19	2019-12-22 01:13:46	2019-12-22 01:13:46
2442	12457769	12463823	177	2019-12-19	2019-12-22 01:28:10	2019-12-24 22:33:40
2449	12417938	12466153	216	2019-12-19	2019-12-22 02:07:12	2019-12-25 03:34:30
2456	12463052	12467778	138	2019-12-19	2019-12-22 07:11:32	2019-12-22 22:49:41
2457	12460311	12468495	99	2019-12-19	2019-12-22 14:40:48	2019-12-22 14:40:48
2458	12463052	12467202	99	2019-12-19	2019-12-22 14:44:50	2019-12-22 14:44:50
2463	12353077	12467592	396	2019-12-19	2019-12-22 16:37:34	2019-12-25 18:30:23
2468	12353077	12467778	297	2019-12-19	2019-12-22 17:46:24	2019-12-25 18:30:23
2471	12457769	12459929	99	2019-12-19	2019-12-22 18:11:58	2019-12-22 18:11:58
2472	12409748	12466153	39	2019-12-19	2019-12-22 18:13:11	2019-12-22 18:13:11
2473	12445373	12466153	39	2019-12-19	2019-12-22 18:13:11	2019-12-22 18:13:11
2474	12466153	12468495	39	2019-12-19	2019-12-22 18:13:11	2019-12-22 18:13:11
2475	12353077	12466153	39	2019-12-19	2019-12-22 18:13:11	2019-12-22 18:13:11
2476	12466153	12467778	39	2019-12-19	2019-12-22 18:13:11	2019-12-22 18:13:11
2477	12395128	12466153	39	2019-12-19	2019-12-22 18:13:11	2019-12-22 18:13:11
2478	12466153	12467592	78	2019-12-19	2019-12-22 18:13:11	2019-12-22 18:13:51
2479	12462606	12466153	39	2019-12-19	2019-12-22 18:13:11	2019-12-22 18:13:11
2481	12415539	12459929	39	2019-12-19	2019-12-22 18:19:08	2019-12-22 18:19:08
2482	10001	12457769	39	2019-12-19	2019-12-22 18:28:12	2019-12-22 18:28:12
2485	12460311	12466744	39	2019-12-19	2019-12-22 20:00:34	2019-12-22 20:00:34
2487	12403420	12466153	78	2019-12-19	2019-12-22 20:29:26	2019-12-24 12:56:13
2488	12458577	12466153	39	2019-12-19	2019-12-22 20:29:26	2019-12-22 20:29:26
2489	12368885	12460186	99	2019-12-19	2019-12-22 21:04:32	2019-12-22 21:04:32
2490	12459929	12460186	99	2019-12-19	2019-12-22 21:04:32	2019-12-22 21:04:32
2491	12459932	12460186	99	2019-12-19	2019-12-22 21:04:33	2019-12-22 21:04:33
2492	12405820	12462340	138	2019-12-19	2019-12-22 21:19:23	2019-12-23 06:00:41
2494	12405820	12427700	39	2019-12-19	2019-12-22 21:21:02	2019-12-22 21:21:02
2499	12467326	12467405	99	2019-12-19	2019-12-22 21:29:48	2019-12-22 21:29:48
2503	12467326	12467646	198	2019-12-19	2019-12-22 21:29:48	2019-12-24 00:07:22
2504	12467326	12467644	99	2019-12-19	2019-12-22 21:29:48	2019-12-22 21:29:48
2505	12466848	12467755	138	2019-12-19	2019-12-22 21:32:26	2019-12-22 21:34:27
2507	12420472	12446529	39	2019-12-19	2019-12-22 22:03:42	2019-12-22 22:03:42
2508	10003	12399736	999	2019-12-19	2019-12-22 22:33:02	2019-12-22 22:33:02
2511	12368885	12464392	435	2019-12-19	2019-12-22 22:44:41	2019-12-25 18:39:04
2512	12399736	12458577	198	2019-12-19	2019-12-22 22:47:22	2019-12-22 22:52:12
2513	12399736	12460162	99	2019-12-19	2019-12-22 22:47:22	2019-12-22 22:47:22
2514	12399736	12465705	198	2019-12-19	2019-12-22 22:47:22	2019-12-23 21:59:39
2515	12394063	12399736	99	2019-12-19	2019-12-22 22:47:22	2019-12-22 22:47:22
2517	12463052	12467592	39	2019-12-19	2019-12-22 22:49:41	2019-12-22 22:49:41
2518	12368885	12399736	99	2019-12-19	2019-12-22 22:52:09	2019-12-22 22:52:09
2522	12399736	12467646	1731	2019-12-19	2019-12-22 23:01:58	2019-12-23 23:03:21
2527	12462300	12463326	15432	2019-12-19	2019-12-22 23:08:30	2019-12-24 23:07:10
2554	12352301	12466787	78	2019-12-19	2019-12-22 23:12:19	2019-12-22 23:54:50
2563	12462552	12463823	138	2019-12-19	2019-12-22 23:21:17	2019-12-22 23:21:56
2565	12399736	12421354	99	2019-12-19	2019-12-22 23:29:09	2019-12-22 23:29:09
2566	12399736	12402258	495	2019-12-19	2019-12-22 23:29:09	2019-12-23 23:00:04
2567	12399736	12467580	99	2019-12-19	2019-12-22 23:29:09	2019-12-22 23:29:09
2569	12399736	12464392	1395	2019-12-19	2019-12-22 23:29:09	2019-12-24 00:53:52
2570	12399736	12446529	99	2019-12-19	2019-12-22 23:29:09	2019-12-22 23:29:09
2572	12399736	12400561	99	2019-12-19	2019-12-22 23:34:02	2019-12-22 23:34:02
2573	12399736	12459832	198	2019-12-19	2019-12-22 23:34:36	2019-12-22 23:37:18
2574	12399736	12467789	99	2019-12-19	2019-12-22 23:34:36	2019-12-22 23:34:36
2575	12399736	12463052	99	2019-12-19	2019-12-22 23:34:36	2019-12-22 23:34:36
2578	12397755	12417700	177	2019-12-19	2019-12-22 23:42:34	2019-12-22 23:43:39
2580	12397755	12431394	177	2019-12-19	2019-12-22 23:42:34	2019-12-22 23:43:02
2581	12397755	12399541	177	2019-12-19	2019-12-22 23:42:34	2019-12-22 23:43:38
2590	12388886	12399736	297	2019-12-19	2019-12-22 23:52:09	2019-12-23 01:42:45
2591	12399736	12466787	99	2019-12-19	2019-12-22 23:53:42	2019-12-22 23:53:42
2593	12466848	12467513	39	2019-12-19	2019-12-22 23:55:12	2019-12-22 23:55:12
2594	12352301	12399736	39	2019-12-19	2019-12-23 00:04:01	2019-12-23 00:04:01
2595	12399736	12462538	99	2019-12-19	2019-12-23 00:12:28	2019-12-23 00:12:28
2599	12399736	12467592	1098	2019-12-19	2019-12-23 00:25:35	2019-12-23 00:26:31
2601	12353077	12467513	138	2019-12-19	2019-12-23 00:28:04	2019-12-25 18:30:23
2602	12394174	12399736	99	2019-12-19	2019-12-23 00:30:48	2019-12-23 00:30:48
2603	12380165	12399736	99	2019-12-19	2019-12-23 00:30:48	2019-12-23 00:30:48
2604	12399541	12399736	99	2019-12-19	2019-12-23 00:30:48	2019-12-23 00:30:48
2605	12364125	12399736	99	2019-12-19	2019-12-23 00:30:48	2019-12-23 00:30:48
2606	12399736	12457844	99	2019-12-19	2019-12-23 00:30:48	2019-12-23 00:30:48
2608	12399736	12467616	99	2019-12-19	2019-12-23 00:35:05	2019-12-23 00:35:05
2609	12399736	12467238	99	2019-12-19	2019-12-23 00:35:05	2019-12-23 00:35:05
2610	12399736	12467672	99	2019-12-19	2019-12-23 00:35:05	2019-12-23 00:35:05
2613	12382762	12466153	78	2019-12-19	2019-12-23 00:59:52	2019-12-25 03:34:30
2620	12399736	12467950	99	2019-12-19	2019-12-23 01:03:33	2019-12-23 01:03:33
2625	12399736	12426836	99	2019-12-19	2019-12-23 01:39:49	2019-12-23 01:39:49
2630	12466153	12467788	39	2019-12-19	2019-12-23 01:56:15	2019-12-23 01:56:15
2635	12099947	12416726	39	2019-12-19	2019-12-23 02:06:36	2019-12-23 02:06:36
2637	12461399	12467326	297	2019-12-19	2019-12-23 02:08:16	2019-12-24 02:09:16
2638	12453899	12467326	99	2019-12-19	2019-12-23 02:08:22	2019-12-23 02:08:22
2643	12405820	12467326	99	2019-12-19	2019-12-23 02:10:26	2019-12-23 02:10:26
2648	12352301	12463386	39	2019-12-19	2019-12-23 02:45:34	2019-12-23 02:45:34
2652	12463823	12468678	39	2019-12-19	2019-12-23 04:17:49	2019-12-23 04:17:49
2653	12463823	12467830	39	2019-12-19	2019-12-23 04:17:49	2019-12-23 04:17:49
2654	12463823	12467825	39	2019-12-19	2019-12-23 04:17:49	2019-12-23 04:17:49
2655	12462340	12462606	297	2019-12-19	2019-12-23 04:18:29	2019-12-23 04:21:17
2659	12420472	12444743	39	2019-12-19	2019-12-23 04:40:45	2019-12-23 04:40:45
2660	12406784	12420472	39	2019-12-19	2019-12-23 04:41:01	2019-12-23 04:41:01
2668	12432822	12466153	78	2019-12-19	2019-12-23 05:02:05	2019-12-23 05:12:17
2669	12449408	12466153	39	2019-12-19	2019-12-23 05:02:05	2019-12-23 05:02:05
2670	12400288	12466153	39	2019-12-19	2019-12-23 05:10:26	2019-12-23 05:10:26
2672	12123923	12466153	78	2019-12-19	2019-12-23 05:10:26	2019-12-24 13:16:59
2674	12407957	12466153	39	2019-12-19	2019-12-23 05:12:17	2019-12-23 05:12:17
2675	12440708	12466153	117	2019-12-19	2019-12-23 05:12:17	2019-12-25 03:08:50
2676	12451727	12466153	156	2019-12-19	2019-12-23 05:12:17	2019-12-25 04:18:07
2678	12427700	12461399	99	2019-12-19	2019-12-23 05:20:24	2019-12-23 05:20:24
2681	12420472	12466153	39	2019-12-19	2019-12-23 05:26:29	2019-12-23 05:26:29
2682	12406784	12466153	39	2019-12-19	2019-12-23 05:26:29	2019-12-23 05:26:29
2684	12461399	12462597	297	2019-12-19	2019-12-23 05:27:47	2019-12-23 05:38:40
2686	12461399	12468016	99	2019-12-19	2019-12-23 05:35:35	2019-12-23 05:35:35
2690	12275930	12461399	999	2019-12-19	2019-12-23 05:50:05	2019-12-23 05:50:05
2692	12466153	12467286	39	2019-12-19	2019-12-23 05:56:12	2019-12-23 05:56:12
2693	12460162	12466153	78	2019-12-19	2019-12-23 05:56:12	2019-12-23 20:24:18
2695	12357941	12466153	39	2019-12-19	2019-12-23 05:56:12	2019-12-23 05:56:12
2699	12466153	12468747	39	2019-12-19	2019-12-23 06:21:57	2019-12-23 06:21:57
2700	12466153	12468016	39	2019-12-19	2019-12-23 06:26:36	2019-12-23 06:26:36
2701	12427678	12462340	99	2019-12-19	2019-12-23 07:24:46	2019-12-23 07:24:46
2702	12458635	12460186	99	2019-12-19	2019-12-23 07:28:15	2019-12-23 07:28:15
2703	12353077	12468512	138	2019-12-19	2019-12-23 12:18:18	2019-12-23 12:55:58
2709	12466153	12467335	78	2019-12-19	2019-12-23 13:46:07	2019-12-24 00:25:14
2716	12300896	12399736	99	2019-12-19	2019-12-23 14:16:43	2019-12-23 14:16:43
2717	12457613	12466153	177	2019-12-19	2019-12-23 14:53:12	2019-12-23 15:11:35
2734	12399736	12403420	99	2019-12-19	2019-12-23 16:26:12	2019-12-23 16:26:12
2737	12399736	12466153	39	2019-12-19	2019-12-23 16:57:53	2019-12-23 16:57:53
2739	12457811	12466153	39	2019-12-19	2019-12-23 16:57:53	2019-12-23 16:57:53
2744	12443735	12466153	117	2019-12-19	2019-12-23 17:12:06	2019-12-25 12:17:15
2745	12385098	12466153	39	2019-12-19	2019-12-23 17:13:18	2019-12-23 17:13:18
2748	12411133	12467326	39	2019-12-19	2019-12-23 17:25:37	2019-12-23 17:25:37
2749	12357402	12467326	39	2019-12-19	2019-12-23 17:25:37	2019-12-23 17:25:37
2752	12353077	12467672	99	2019-12-19	2019-12-23 18:13:03	2019-12-23 18:13:03
2753	12353077	12439499	1197	2019-12-19	2019-12-23 18:13:03	2019-12-25 17:37:32
2754	12392107	12461399	99	2019-12-19	2019-12-23 18:20:37	2019-12-23 18:20:37
2755	12416270	12461399	99	2019-12-19	2019-12-23 18:20:37	2019-12-23 18:20:37
2756	12389381	12461399	99	2019-12-19	2019-12-23 18:20:37	2019-12-23 18:20:37
2757	10002	12461399	198	2019-12-19	2019-12-23 18:20:37	2019-12-23 20:21:14
2762	12397755	12467789	198	2019-12-19	2019-12-23 18:56:46	2019-12-24 20:23:10
2763	12397755	12406175	198	2019-12-19	2019-12-23 18:56:46	2019-12-24 20:23:11
2764	12099947	12461399	999	2019-12-19	2019-12-23 18:58:52	2019-12-23 18:58:52
2765	12461399	12467788	1098	2019-12-19	2019-12-23 18:59:46	2019-12-23 19:50:23
2774	12099947	12460162	99	2019-12-19	2019-12-23 19:08:26	2019-12-23 19:08:26
2776	12401226	12463195	78	2019-12-19	2019-12-23 19:10:54	2019-12-23 19:11:01
2778	12352423	12401226	39	2019-12-19	2019-12-23 19:11:09	2019-12-23 19:11:09
2779	12399736	12463195	198	2019-12-19	2019-12-23 19:11:38	2019-12-23 19:22:43
2780	12352423	12399736	99	2019-12-19	2019-12-23 19:11:38	2019-12-23 19:11:38
2781	12399736	12401226	99	2019-12-19	2019-12-23 19:11:38	2019-12-23 19:11:38
2782	12399736	12460186	2571	2019-12-19	2019-12-23 19:11:38	2019-12-23 19:57:06
2783	12357402	12399736	99	2019-12-19	2019-12-23 19:12:28	2019-12-23 19:12:28
2784	12357402	12401226	78	2019-12-19	2019-12-23 19:12:30	2019-12-23 19:12:37
2786	12463244	12467592	138	2019-12-19	2019-12-23 19:12:40	2019-12-23 19:15:06
2801	12439499	12461399	99	2019-12-19	2019-12-23 19:25:44	2019-12-23 19:25:44
2803	12463850	12467672	39	2019-12-19	2019-12-23 19:29:14	2019-12-23 19:29:14
2804	12399736	12459375	99	2019-12-19	2019-12-23 19:30:55	2019-12-23 19:30:55
2806	12388886	12460186	39	2019-12-19	2019-12-23 19:37:11	2019-12-23 19:37:11
2807	12462759	12463244	39	2019-12-19	2019-12-23 19:45:05	2019-12-23 19:45:05
2808	12399736	12454449	99	2019-12-19	2019-12-23 19:49:09	2019-12-23 19:49:09
2809	12454449	12460186	78	2019-12-19	2019-12-23 19:49:43	2019-12-23 20:03:21
2819	12461399	12463250	999	2019-12-19	2019-12-23 19:59:29	2019-12-23 19:59:29
2821	12460186	12468686	39	2019-12-19	2019-12-23 20:07:23	2019-12-23 20:07:23
2824	12366771	12461399	297	2019-12-19	2019-12-23 20:21:14	2019-12-24 02:35:11
2825	12352423	12461399	198	2019-12-19	2019-12-23 20:21:14	2019-12-23 22:39:26
2828	12445381	12466153	39	2019-12-19	2019-12-23 20:24:18	2019-12-23 20:24:18
2830	12439499	12466153	39	2019-12-19	2019-12-23 20:24:18	2019-12-23 20:24:18
2831	12463244	12467788	39	2019-12-19	2019-12-23 20:26:03	2019-12-23 20:26:03
2832	12430771	12460186	39	2019-12-19	2019-12-23 20:27:08	2019-12-23 20:27:08
2833	12418352	12463823	78	2019-12-19	2019-12-23 20:27:48	2019-12-23 20:35:41
2836	12411133	12460311	39	2019-12-19	2019-12-23 20:34:18	2019-12-23 20:34:18
2838	12430771	12460311	39	2019-12-19	2019-12-23 20:34:45	2019-12-23 20:34:45
2839	12460311	12464197	39	2019-12-19	2019-12-23 20:35:13	2019-12-23 20:35:13
2840	12434309	12460311	39	2019-12-19	2019-12-23 20:35:29	2019-12-23 20:35:29
2855	12406049	12466787	99	2019-12-19	2019-12-23 21:02:09	2019-12-23 21:02:09
2858	12293824	12461023	9990	2019-12-19	2019-12-23 21:23:29	2019-12-23 21:24:05
2868	12430771	12461399	99	2019-12-19	2019-12-23 21:24:12	2019-12-23 21:24:12
2869	12404410	12461023	9990	2019-12-19	2019-12-23 21:25:17	2019-12-23 21:25:37
2879	12300887	12461023	10980	2019-12-19	2019-12-23 21:26:12	2019-12-23 23:45:58
2889	12293824	12463823	39	2019-12-19	2019-12-23 21:27:21	2019-12-23 21:27:21
2890	12385060	12461399	99	2019-12-19	2019-12-23 21:27:43	2019-12-23 21:27:43
2892	12434309	12461399	99	2019-12-19	2019-12-23 21:32:30	2019-12-23 21:32:30
2894	12385060	12402258	297	2019-12-19	2019-12-23 21:54:01	2019-12-25 15:46:12
2895	12385060	12465705	99	2019-12-19	2019-12-23 21:59:21	2019-12-23 21:59:21
2897	12385060	12434309	99	2019-12-19	2019-12-23 22:02:15	2019-12-23 22:02:15
2898	12399736	12444743	99	2019-12-19	2019-12-23 22:05:06	2019-12-23 22:05:06
2908	12399736	12467326	99	2019-12-19	2019-12-23 22:18:59	2019-12-23 22:18:59
2909	12366771	12385060	999	2019-12-19	2019-12-23 22:37:30	2019-12-23 22:37:30
2910	12404166	12461399	198	2019-12-19	2019-12-23 22:39:26	2019-12-24 02:35:11
2913	12323748	12461399	99	2019-12-19	2019-12-23 22:39:26	2019-12-23 22:39:26
2914	12385060	12446529	999	2019-12-19	2019-12-23 22:41:37	2019-12-23 22:41:37
2917	12436813	12461399	99	2019-12-19	2019-12-23 22:54:40	2019-12-23 22:54:40
2918	12461399	12467422	999	2019-12-19	2019-12-23 22:54:52	2019-12-23 22:54:52
2919	12461399	12468062	99	2019-12-19	2019-12-23 22:54:54	2019-12-23 22:54:54
2920	12399736	12434309	237	2019-12-19	2019-12-23 22:56:18	2019-12-25 13:59:38
2923	12388886	12458608	78	2019-12-19	2019-12-23 23:00:10	2019-12-23 23:08:05
2924	12388886	12462584	78	2019-12-19	2019-12-23 23:00:39	2019-12-23 23:08:05
2925	12388886	12457545	156	2019-12-19	2019-12-23 23:01:26	2019-12-23 23:08:05
2928	12388886	12464197	117	2019-12-19	2019-12-23 23:01:39	2019-12-23 23:10:05
2932	12388886	12411133	78	2019-12-19	2019-12-23 23:08:05	2019-12-23 23:10:05
2934	12388886	12406125	78	2019-12-19	2019-12-23 23:08:05	2019-12-23 23:10:05
2937	12219410	12388886	39	2019-12-19	2019-12-23 23:08:05	2019-12-23 23:08:05
2938	12388886	12408509	39	2019-12-19	2019-12-23 23:08:05	2019-12-23 23:08:05
2946	12463823	12468957	78	2019-12-19	2019-12-23 23:37:34	2019-12-25 00:04:38
2947	12416726	12465598	39	2019-12-19	2019-12-23 23:37:48	2019-12-23 23:37:48
2950	12294832	12461023	9990	2019-12-19	2019-12-23 23:44:35	2019-12-23 23:45:04
2970	12385060	12465598	2997	2019-12-19	2019-12-23 23:46:00	2019-12-23 23:50:42
2971	12379869	12461023	12027	2019-12-19	2019-12-23 23:46:35	2019-12-23 23:47:30
2987	12461025	12466133	9990	2019-12-19	2019-12-23 23:56:21	2019-12-23 23:56:46
2997	12293694	12461028	9990	2019-12-19	2019-12-23 23:58:15	2019-12-23 23:58:35
3008	12300896	12461028	9990	2019-12-19	2019-12-23 23:59:34	2019-12-23 23:59:57
3018	12439499	12467326	99	2019-12-19	2019-12-24 00:07:14	2019-12-24 00:07:14
3020	12467326	12468413	39	2019-12-19	2019-12-24 00:07:31	2019-12-24 00:07:31
3021	12385060	12412338	99	2019-12-19	2019-12-24 00:11:03	2019-12-24 00:11:03
3023	12283623	12466153	117	2019-12-19	2019-12-24 00:13:09	2019-12-24 01:39:07
3026	12406094	12461028	9990	2019-12-19	2019-12-24 00:18:07	2019-12-24 00:18:27
3037	12385060	12431002	99	2019-12-19	2019-12-24 00:20:54	2019-12-24 00:20:54
3043	12363822	12466153	78	2019-12-19	2019-12-24 00:44:00	2019-12-25 18:25:30
3046	12399736	12466880	99	2019-12-19	2019-12-24 00:49:41	2019-12-24 00:49:41
3047	12399736	12464223	198	2019-12-19	2019-12-24 00:49:41	2019-12-24 23:08:05
3048	12399736	12465646	1098	2019-12-19	2019-12-24 00:49:41	2019-12-24 00:53:52
3050	12385060	12467513	99	2019-12-19	2019-12-24 00:52:08	2019-12-24 00:52:08
3051	12385060	12467422	99	2019-12-19	2019-12-24 00:52:08	2019-12-24 00:52:08
3052	12385060	12462292	99	2019-12-19	2019-12-24 00:52:08	2019-12-24 00:52:08
3056	12384145	12388886	138	2019-12-19	2019-12-24 00:57:45	2019-12-24 01:02:27
3058	12385060	12455295	297	2019-12-19	2019-12-24 01:10:53	2019-12-24 02:11:16
3059	12399736	12458635	99	2019-12-19	2019-12-24 01:35:10	2019-12-24 01:35:10
3067	12406049	12411091	99	2019-12-19	2019-12-24 01:49:55	2019-12-24 01:49:55
3070	12388886	12444743	297	2019-12-19	2019-12-24 01:54:38	2019-12-24 01:54:47
3071	12385060	12461477	99	2019-12-19	2019-12-24 01:54:38	2019-12-24 01:54:38
3072	12385060	12420472	99	2019-12-19	2019-12-24 01:54:38	2019-12-24 01:54:38
3073	12385060	12417886	99	2019-12-19	2019-12-24 01:54:38	2019-12-24 01:54:38
3074	12385060	12388886	99	2019-12-19	2019-12-24 01:54:38	2019-12-24 01:54:38
3075	12385060	12444743	99	2019-12-19	2019-12-24 01:54:38	2019-12-24 01:54:38
3079	12466153	12467237	99	2019-12-19	2019-12-24 02:01:05	2019-12-24 02:01:05
3080	12357645	12466153	237	2019-12-19	2019-12-24 02:01:05	2019-12-25 01:12:39
3081	12385060	12416726	2196	2019-12-19	2019-12-24 02:05:54	2019-12-24 02:11:16
3082	12463326	12465490	39	2019-12-19	2019-12-24 02:06:16	2019-12-24 02:06:16
3083	12463326	12467132	39	2019-12-19	2019-12-24 02:06:16	2019-12-24 02:06:16
3084	12416726	12460162	198	2019-12-19	2019-12-24 02:06:45	2019-12-24 02:06:53
3086	12385060	12459932	198	2019-12-19	2019-12-24 02:07:38	2019-12-24 02:11:16
3089	12385060	12467646	198	2019-12-19	2019-12-24 02:07:38	2019-12-24 02:11:16
3090	12368885	12385060	198	2019-12-19	2019-12-24 02:07:38	2019-12-24 02:11:16
3092	12333604	12385060	198	2019-12-19	2019-12-24 02:07:38	2019-12-24 02:11:15
3093	12385060	12466331	99	2019-12-19	2019-12-24 02:07:38	2019-12-24 02:07:38
3094	12461399	12467513	99	2019-12-19	2019-12-24 02:08:13	2019-12-24 02:08:13
3095	12461399	12467778	99	2019-12-19	2019-12-24 02:09:11	2019-12-24 02:09:11
3106	12406049	12460186	198	2019-12-19	2019-12-24 02:25:33	2019-12-24 22:40:19
3109	12463823	12467326	99	2019-12-19	2019-12-24 02:30:15	2019-12-24 02:30:15
3113	12461399	12463195	99	2019-12-19	2019-12-24 02:35:11	2019-12-24 02:35:11
3115	12417938	12461399	99	2019-12-19	2019-12-24 02:35:11	2019-12-24 02:35:11
3116	12283623	12461399	99	2019-12-19	2019-12-24 02:35:11	2019-12-24 02:35:11
3117	12404166	12463195	99	2019-12-19	2019-12-24 02:36:54	2019-12-24 02:36:54
3129	12463368	12467326	39	2019-12-19	2019-12-24 03:15:50	2019-12-24 03:15:50
3130	12457545	12467326	39	2019-12-19	2019-12-24 03:44:17	2019-12-24 03:44:17
3132	12402258	12464392	39	2019-12-19	2019-12-24 04:34:33	2019-12-24 04:34:33
3133	12406049	12424850	99	2019-12-19	2019-12-24 04:53:58	2019-12-24 04:53:58
3135	12380219	12466153	237	2019-12-19	2019-12-24 05:22:00	2019-12-25 03:34:30
3137	12406175	12466153	138	2019-12-19	2019-12-24 05:22:00	2019-12-25 03:34:30
3139	12466153	12467789	138	2019-12-19	2019-12-24 05:22:00	2019-12-25 03:34:30
3141	12466153	12469099	39	2019-12-19	2019-12-24 05:40:33	2019-12-24 05:40:33
3142	12466153	12468974	39	2019-12-19	2019-12-24 05:40:33	2019-12-24 05:40:33
3146	12436813	12466153	117	2019-12-19	2019-12-24 05:48:28	2019-12-25 04:18:07
3153	12275930	12463823	39	2019-12-19	2019-12-24 06:03:51	2019-12-24 06:03:51
3160	12444911	12459233	99	2019-12-19	2019-12-24 09:54:46	2019-12-24 09:54:46
3161	12385060	12416270	99	2019-12-19	2019-12-24 11:40:40	2019-12-24 11:40:40
3165	12333604	12466153	39	2019-12-19	2019-12-24 12:56:13	2019-12-24 12:56:13
3166	12461744	12466153	39	2019-12-19	2019-12-24 12:56:13	2019-12-24 12:56:13
3167	12464244	12466153	39	2019-12-19	2019-12-24 12:56:13	2019-12-24 12:56:13
3169	12400530	12466153	39	2019-12-19	2019-12-24 13:16:59	2019-12-24 13:16:59
3170	12418108	12466153	39	2019-12-19	2019-12-24 13:16:59	2019-12-24 13:16:59
3172	12458017	12466153	39	2019-12-19	2019-12-24 13:16:59	2019-12-24 13:16:59
3173	12447933	12466153	78	2019-12-19	2019-12-24 13:16:59	2019-12-25 12:17:15
3197	12451538	12466153	39	2019-12-19	2019-12-24 14:13:41	2019-12-24 14:13:41
3198	12378342	12466153	39	2019-12-19	2019-12-24 14:13:41	2019-12-24 14:13:41
3214	12397755	12404299	39	2019-12-19	2019-12-24 15:59:21	2019-12-24 15:59:21
3215	12353726	12397755	39	2019-12-19	2019-12-24 15:59:21	2019-12-24 15:59:21
3267	12403420	12418108	99	2019-12-19	2019-12-24 16:15:38	2019-12-24 16:15:38
3303	12460154	12467658	2136	2019-12-19	2019-12-24 17:33:16	2019-12-24 17:44:48
3332	12434309	12460162	39	2019-12-19	2019-12-24 17:39:51	2019-12-24 17:39:51
3333	12337636	12434309	39	2019-12-19	2019-12-24 17:39:51	2019-12-24 17:39:51
3334	12434309	12459932	39	2019-12-19	2019-12-24 17:39:51	2019-12-24 17:39:51
3343	12434899	12461399	999	2019-12-19	2019-12-24 17:43:07	2019-12-24 17:43:07
3351	12399736	12467282	99	2019-12-19	2019-12-24 19:09:35	2019-12-24 19:09:35
3352	12467730	12468233	999	2019-12-19	2019-12-24 20:17:45	2019-12-24 20:17:45
3353	12467667	12467730	999	2019-12-19	2019-12-24 20:17:45	2019-12-24 20:17:45
3354	12467273	12467730	999	2019-12-19	2019-12-24 20:17:45	2019-12-24 20:17:45
3355	12463823	12467730	999	2019-12-19	2019-12-24 20:17:45	2019-12-24 20:17:45
3356	12467655	12467730	999	2019-12-19	2019-12-24 20:17:45	2019-12-24 20:17:45
3357	12467282	12467730	999	2019-12-19	2019-12-24 20:17:45	2019-12-24 20:17:45
3358	12467730	12467948	999	2019-12-19	2019-12-24 20:17:45	2019-12-24 20:17:45
3359	12467529	12467730	999	2019-12-19	2019-12-24 20:17:45	2019-12-24 20:17:45
3362	12397755	12455522	99	2019-12-19	2019-12-24 20:23:11	2019-12-24 20:23:11
3363	12397755	12468775	99	2019-12-19	2019-12-24 20:23:11	2019-12-24 20:23:11
3364	12397755	12468512	99	2019-12-19	2019-12-24 20:23:11	2019-12-24 20:23:11
3365	12361563	12461399	198	2019-12-19	2019-12-24 20:26:10	2019-12-24 20:26:12
3367	12466351	12467332	39	2019-12-19	2019-12-24 20:55:41	2019-12-24 20:55:41
3382	12353077	12467759	99	2019-12-19	2019-12-24 21:27:58	2019-12-24 21:27:58
3383	12397755	12460150	234	2019-12-19	2019-12-24 21:31:23	2019-12-24 21:44:09
3384	12397755	12468159	78	2019-12-19	2019-12-24 21:31:23	2019-12-24 21:31:28
3385	12397755	12463993	234	2019-12-19	2019-12-24 21:31:23	2019-12-24 21:44:09
3386	12397755	12457769	234	2019-12-19	2019-12-24 21:31:23	2019-12-24 21:44:09
3387	12397755	12460186	234	2019-12-19	2019-12-24 21:31:23	2019-12-24 21:44:09
3396	12397755	12406049	156	2019-12-19	2019-12-24 21:36:35	2019-12-24 21:44:09
3397	12359705	12397755	156	2019-12-19	2019-12-24 21:36:35	2019-12-24 21:44:09
3399	12397755	12469074	78	2019-12-19	2019-12-24 21:36:35	2019-12-24 21:36:41
3407	12300887	12461020	999	2019-12-19	2019-12-24 21:38:04	2019-12-24 21:38:04
3415	12397755	12460162	78	2019-12-19	2019-12-24 21:38:25	2019-12-24 21:44:09
3416	12293824	12461039	999	2019-12-19	2019-12-24 21:40:23	2019-12-24 21:40:23
3424	12379869	12461039	1998	2019-12-19	2019-12-24 21:44:51	2019-12-24 21:45:22
3428	12467326	12467713	99	2019-12-19	2019-12-24 22:31:12	2019-12-24 22:31:12
3432	12463823	12466133	78	2019-12-19	2019-12-24 22:48:38	2019-12-24 22:48:45
3436	12464223	12464392	1620	2019-12-19	2019-12-24 22:58:55	2019-12-25 15:52:03
3464	12399736	12469240	99	2019-12-19	2019-12-24 23:07:19	2019-12-24 23:07:19
3466	12353077	12469141	39	2019-12-19	2019-12-24 23:10:50	2019-12-24 23:10:50
3467	12467326	12469278	99	2019-12-19	2019-12-24 23:18:30	2019-12-24 23:18:30
3472	12323748	12404299	99	2019-12-19	2019-12-25 00:07:04	2019-12-25 00:07:04
3473	12464392	12465646	99	2019-12-19	2019-12-25 00:18:29	2019-12-25 00:18:29
3474	12464392	12467202	138	2019-12-19	2019-12-25 00:24:01	2019-12-25 18:39:04
3475	12464392	12467778	138	2019-12-19	2019-12-25 00:24:01	2019-12-25 18:39:04
3476	12464392	12467592	534	2019-12-19	2019-12-25 00:24:01	2019-12-25 18:39:04
3489	12463823	12468512	39	2019-12-19	2019-12-25 01:01:05	2019-12-25 01:01:05
3490	12385060	12468453	1098	2019-12-19	2019-12-25 01:11:03	2019-12-25 06:27:24
3492	12465138	12466153	39	2019-12-19	2019-12-25 01:12:39	2019-12-25 01:12:39
3494	12463250	12466153	39	2019-12-19	2019-12-25 01:16:04	2019-12-25 01:16:04
3495	12466153	12469349	39	2019-12-19	2019-12-25 01:16:05	2019-12-25 01:16:05
3496	12455295	12464392	99	2019-12-19	2019-12-25 01:25:40	2019-12-25 01:25:40
3499	12464392	12467788	297	2019-12-19	2019-12-25 01:26:27	2019-12-25 18:39:04
3512	12424293	12466153	39	2019-12-19	2019-12-25 02:07:28	2019-12-25 02:07:28
3515	12461405	12466153	39	2019-12-19	2019-12-25 02:12:26	2019-12-25 02:12:26
3518	12468162	12469021	1809	2019-12-19	2019-12-25 02:27:14	2019-12-25 21:10:38
3526	12467789	12468062	2097	2019-12-19	2019-12-25 02:56:23	2019-12-25 05:18:37
3528	12406049	12431170	99	2019-12-19	2019-12-25 03:02:13	2019-12-25 03:02:13
3529	12406049	12438559	99	2019-12-19	2019-12-25 03:02:27	2019-12-25 03:02:27
3531	12460084	12466153	78	2019-12-19	2019-12-25 03:08:50	2019-12-25 03:34:30
3532	12413539	12466153	39	2019-12-19	2019-12-25 03:08:50	2019-12-25 03:08:50
3536	12439413	12466153	39	2019-12-19	2019-12-25 03:34:30	2019-12-25 03:34:30
3544	12396081	12466153	39	2019-12-19	2019-12-25 04:01:08	2019-12-25 04:01:08
3545	12465181	12466153	39	2019-12-19	2019-12-25 04:01:08	2019-12-25 04:01:08
3546	12462292	12466153	39	2019-12-19	2019-12-25 04:01:08	2019-12-25 04:01:08
3548	12466153	12469436	39	2019-12-19	2019-12-25 04:01:08	2019-12-25 04:01:08
3549	12458798	12466153	39	2019-12-19	2019-12-25 04:01:08	2019-12-25 04:01:08
3550	12466153	12469442	39	2019-12-19	2019-12-25 04:01:08	2019-12-25 04:01:08
3554	12466153	12469458	39	2019-12-19	2019-12-25 04:18:07	2019-12-25 04:18:07
3555	12466153	12469439	39	2019-12-19	2019-12-25 04:18:07	2019-12-25 04:18:07
3557	12456363	12466153	39	2019-12-19	2019-12-25 04:18:07	2019-12-25 04:18:07
3563	12397755	12462584	138	2019-12-19	2019-12-25 11:52:01	2019-12-25 11:52:54
3564	12397755	12418108	39	2019-12-19	2019-12-25 11:52:53	2019-12-25 11:52:53
3565	12397755	12447933	39	2019-12-19	2019-12-25 11:52:53	2019-12-25 11:52:53
3566	12397755	12443735	39	2019-12-19	2019-12-25 11:52:53	2019-12-25 11:52:53
3567	12397755	12460467	39	2019-12-19	2019-12-25 11:52:54	2019-12-25 11:52:54
3568	12397755	12469542	39	2019-12-19	2019-12-25 11:52:54	2019-12-25 11:52:54
3570	12397755	12469249	39	2019-12-19	2019-12-25 11:52:54	2019-12-25 11:52:54
3571	12397755	12454449	39	2019-12-19	2019-12-25 11:52:54	2019-12-25 11:52:54
3572	12454449	12466153	39	2019-12-19	2019-12-25 12:17:15	2019-12-25 12:17:15
3573	12417047	12466153	39	2019-12-19	2019-12-25 12:17:15	2019-12-25 12:17:15
3574	12434309	12466153	39	2019-12-19	2019-12-25 12:17:15	2019-12-25 12:17:15
3577	12466153	12469249	39	2019-12-19	2019-12-25 12:17:15	2019-12-25 12:17:15
3578	12460467	12466153	39	2019-12-19	2019-12-25 12:17:15	2019-12-25 12:17:15
3579	12468167	12468649	99	2019-12-19	2019-12-25 12:20:14	2019-12-25 12:20:14
3580	12459929	12468649	99	2019-12-19	2019-12-25 12:20:14	2019-12-25 12:20:14
3581	12462759	12468649	99	2019-12-19	2019-12-25 12:20:14	2019-12-25 12:20:14
3582	12467592	12468649	99	2019-12-19	2019-12-25 12:20:14	2019-12-25 12:20:14
3583	12457769	12468649	99	2019-12-19	2019-12-25 12:20:14	2019-12-25 12:20:14
3584	12464221	12468649	99	2019-12-19	2019-12-25 12:20:14	2019-12-25 12:20:14
3587	12394063	12397755	198	2019-12-19	2019-12-25 13:08:03	2019-12-25 13:16:57
3590	12463823	12469249	39	2019-12-19	2019-12-25 13:39:20	2019-12-25 13:39:20
3591	12460467	12463823	39	2019-12-19	2019-12-25 13:42:25	2019-12-25 13:42:25
3592	12400530	12434309	39	2019-12-19	2019-12-25 13:59:37	2019-12-25 13:59:37
3593	12434309	12458017	39	2019-12-19	2019-12-25 13:59:37	2019-12-25 13:59:37
3595	12434309	12463823	39	2019-12-19	2019-12-25 14:00:56	2019-12-25 14:00:56
3596	12399736	12458017	99	2019-12-19	2019-12-25 14:01:54	2019-12-25 14:01:54
3597	12397755	12458017	99	2019-12-19	2019-12-25 14:02:01	2019-12-25 14:02:01
3598	12458017	12463823	39	2019-12-19	2019-12-25 14:04:15	2019-12-25 14:04:15
3600	12389381	12463823	39	2019-12-19	2019-12-25 14:29:18	2019-12-25 14:29:18
3601	12459458	12463823	39	2019-12-19	2019-12-25 14:29:18	2019-12-25 14:29:18
3604	12464392	12469306	99	2019-12-19	2019-12-25 15:39:51	2019-12-25 15:39:51
3607	12469021	12469468	198	2019-12-19	2019-12-25 16:20:26	2019-12-25 16:20:42
3609	12388886	12434309	39	2019-12-19	2019-12-25 16:21:14	2019-12-25 16:21:14
3610	12406049	12434309	39	2019-12-19	2019-12-25 16:21:14	2019-12-25 16:21:14
3611	12362564	12460311	39	2019-12-19	2019-12-25 16:22:25	2019-12-25 16:22:25
3633	12353077	12467788	99	2019-12-19	2019-12-25 18:30:23	2019-12-25 18:30:23
3636	12457377	12464392	198	2019-12-19	2019-12-25 18:37:45	2019-12-25 18:39:04
3638	12464392	12469092	99	2019-12-19	2019-12-25 18:39:04	2019-12-25 18:39:04
3640	12464392	12467513	297	2019-12-19	2019-12-25 18:39:04	2019-12-25 22:18:43
3647	12397755	12468957	195	2019-12-19	2019-12-25 19:30:44	2019-12-25 19:30:54
3648	12397755	12462597	294	2019-12-19	2019-12-25 19:30:44	2019-12-25 19:31:37
3649	12397755	12462577	294	2019-12-19	2019-12-25 19:30:44	2019-12-25 19:31:37
3664	12466153	12468957	39	2019-12-19	2019-12-25 19:48:18	2019-12-25 19:48:18
3665	12462577	12466153	39	2019-12-19	2019-12-25 19:48:18	2019-12-25 19:48:18
3666	12462597	12466153	39	2019-12-19	2019-12-25 19:48:18	2019-12-25 19:48:18
3668	12466153	12466524	39	2019-12-19	2019-12-25 19:48:18	2019-12-25 19:48:18
3672	12417700	12460311	39	2019-12-19	2019-12-25 21:11:10	2019-12-25 21:11:10
3673	12466153	12467403	39	2019-12-19	2019-12-25 21:23:52	2019-12-25 21:23:52
3674	12353077	12462557	99	2019-12-19	2019-12-25 21:39:22	2019-12-25 21:39:22
3675	12353077	12463386	99	2019-12-19	2019-12-25 21:39:22	2019-12-25 21:39:22
3676	12353077	12462579	99	2019-12-19	2019-12-25 21:39:23	2019-12-25 21:39:23
3677	12468649	12469021	198	2019-12-19	2019-12-25 21:41:35	2019-12-25 21:44:04
3678	12468645	12469021	99	2019-12-19	2019-12-25 21:41:43	2019-12-25 21:41:43
3682	12353077	12462590	99	2019-12-19	2019-12-25 22:40:26	2019-12-25 22:40:26
3683	12300896	12468775	237	2019-12-19	2019-12-25 23:06:09	2019-12-25 23:07:21
3686	12466744	12468016	39	2019-12-19	2019-12-25 23:07:46	2019-12-25 23:07:46
